ckt7YEGcSoY_30.000_40.000.wav	30.000	40.000	Car
ckt7YEGcSoY_30.000_40.000.wav	30.000	40.000	Truck
0DzsPL-xElE_20.000_30.000.wav	20.000	30.000	Car
B-ZqhRg3km4_60.000_70.000.wav	60.000	70.000	Car alarm
B-ZqhRg3km4_60.000_70.000.wav	60.000	70.000	Police car (siren)
4hd2CLrzCZs_30.000_40.000.wav	30.000	40.000	Car
I7vs2H-Htt8_480.000_490.000.wav	480.000	490.000	Car
WdubBeFntYQ_460.000_470.000.wav	460.000	470.000	Car
Aw43FUCkIb8_20.000_30.000.wav	20.000	30.000	Car
hQ_yyPI46FI_11.000_21.000.wav	11.000	21.000
AFz5TIs_Gug_30.000_40.000.wav	30.000	40.000	Car
n4o1r8Ai66o_30.000_40.000.wav	30.000	40.000	Car
TVvbfuGu9eM_70.000_80.000.wav	70.000	80.000
gkH_Zxasn8o_40.000_50.000.wav	40.000	50.000	Car
CZB6WXDuM1g_30.000_40.000.wav	30.000	40.000	Police car (siren)
5hL1uGb4sas_30.000_40.000.wav	30.000	40.000	Car
I4qODX0fypE_30.000_40.000.wav	30.000	40.000	Car
-BY64_p-vtM_30.000_40.000.wav	30.000	40.000	Car
qjz5t9M4YCw_30.000_40.000.wav	30.000	40.000	Car
CqNyeZeHb8Y_30.000_40.000.wav	30.000	40.000	Car
OBwh-KGukE8_30.000_40.000.wav	30.000	40.000	Car
kbfkq3TuAe0_470.000_480.000.wav	470.000	480.000	Train
kr8ssbrDDMY_30.000_40.000.wav	30.000	40.000	Car
FFSI6Bg2M-Q_30.000_40.000.wav	30.000	40.000
m4DS9-5Gkds_30.000_40.000.wav	30.000	40.000	Car
7KiTXYwaD04_7.000_17.000.wav	7.000	17.000
5QP1Tc3XbDc_30.000_40.000.wav	30.000	40.000	Car
mQJcObz1k_E_30.000_40.000.wav	30.000	40.000	Air horn, truck horn
hN1ykzC8kZM_30.000_40.000.wav	30.000	40.000	Car
-WgJ-M292Yc_30.000_40.000.wav	30.000	40.000	Car
H6c8ZDrdUaM_30.000_40.000.wav	30.000	40.000	Fire engine, fire truck (siren)
z5uKFGeTtNg_30.000_40.000.wav	30.000	40.000	Car
uYqlVTlSgbM_40.000_50.000.wav	40.000	50.000	Car
nY1gcEMzsWI_10.000_20.000.wav	10.000	20.000	Truck
-CZ1LIc8aos_20.000_30.000.wav	20.000	30.000	Car
s0iddDFzL9s_30.000_40.000.wav	30.000	40.000	Police car (siren)
AFhll08KM98_30.000_40.000.wav	30.000	40.000	Truck
40s88hEcn5I_170.000_180.000.wav	170.000	180.000	Car
rGUrM19BnJ8_110.000_120.000.wav	110.000	120.000	Civil defense siren
pxmrmtEnROk_30.000_40.000.wav	30.000	40.000	Train horn
pxmrmtEnROk_30.000_40.000.wav	30.000	40.000	Train
bhxN5w03yS0_30.000_40.000.wav	30.000	40.000	Car
m5HeCy87QYY_380.000_390.000.wav	380.000	390.000	Train
BQVXzH6YK8g_30.000_40.000.wav	30.000	40.000	Car
f724u5z_UDw_30.000_40.000.wav	30.000	40.000	Car
f724u5z_UDw_30.000_40.000.wav	30.000	40.000	Motorcycle
vVqUvv1SSu8_30.000_40.000.wav	30.000	40.000	Fire engine, fire truck (siren)
Vx6mttDHWfo_30.000_40.000.wav	30.000	40.000	Car
pt-J_L-OFI8_0.000_10.000.wav	0.000	10.000
WMbdMQ7rdFs_30.000_40.000.wav	30.000	40.000	Car
JLzD44Im1Ec_30.000_40.000.wav	30.000	40.000	Car
JLzD44Im1Ec_30.000_40.000.wav	30.000	40.000	Truck
P54KKbTA_TE_0.000_7.000.wav	0.000	7.000
-Q4fBQ4egrs_0.000_10.000.wav	0.000	10.000	Car
FFSWmryaZ60_30.000_40.000.wav	30.000	40.000	Car
YrGQKTbiG1g_30.000_40.000.wav	30.000	40.000	Car
WFdpQCtpBB4_30.000_40.000.wav	30.000	40.000	Car
XVxlZqwWcBI_10.000_20.000.wav	10.000	20.000	Car
l6_h_YHuTbY_30.000_40.000.wav	30.000	40.000	Car
6Y8wSI1l-Lw_30.000_40.000.wav	30.000	40.000	Car
1IQdvfm9SDY_30.000_40.000.wav	30.000	40.000	Car
9hlXgXWXYXQ_0.000_6.000.wav	0.000	6.000	Car
Daqv2F6SEmQ_30.000_40.000.wav	30.000	40.000	Car
eIkUuCRE_0U_30.000_40.000.wav	30.000	40.000	Car
eIkUuCRE_0U_30.000_40.000.wav	30.000	40.000	Truck
ZM67kt6G-d4_30.000_40.000.wav	30.000	40.000	Car
FKJuDOAumSk_20.000_30.000.wav	20.000	30.000	Car
mGG8rop4Jig_30.000_40.000.wav	30.000	40.000	Car
AwFuGITwrms_30.000_40.000.wav	30.000	40.000	Fire engine, fire truck (siren)
iWl-5LNURFc_30.000_40.000.wav	30.000	40.000	Car
AQCZH4OdNSM_30.000_40.000.wav	30.000	40.000	Police car (siren)
AQCZH4OdNSM_30.000_40.000.wav	30.000	40.000	Car
8nU1aVscJec_30.000_40.000.wav	30.000	40.000	Car
r6mHSfFkY_8_30.000_40.000.wav	30.000	40.000	Train
VulCKZgWspc_570.000_580.000.wav	570.000	580.000	Car
yNTkb2zgA_M_70.000_80.000.wav	70.000	80.000	Car
AedlWfHafgw_21.000_31.000.wav	21.000	31.000	Car
Mfkif49LLc4_30.000_40.000.wav	30.000	40.000	Train
jlz7r-NSUuA_50.000_60.000.wav	50.000	60.000	Car
jlz7r-NSUuA_50.000_60.000.wav	50.000	60.000	Train
6taAP7SFewI_30.000_40.000.wav	30.000	40.000	Car
3LulQoOXNB0_30.000_40.000.wav	30.000	40.000	Motorcycle
DkwFXd5nYLE_40.000_50.000.wav	40.000	50.000	Car
vQG4HZR2KSk_30.000_40.000.wav	30.000	40.000	Civil defense siren
AVBUh6qeHrQ_30.000_40.000.wav	30.000	40.000	Civil defense siren
F5AP8kQvogM_30.000_40.000.wav	30.000	40.000	Car
r0Oll28wmXs_30.000_40.000.wav	30.000	40.000	Car
r0Oll28wmXs_30.000_40.000.wav	30.000	40.000	Motorcycle
cdbYsoEasio_70.000_80.000.wav	70.000	80.000	Car
xBKrmKdjAIA_0.000_10.000.wav	0.000	10.000	Car
5V0xKS-FGMk_30.000_40.000.wav	30.000	40.000	Truck
0_gci63CtFY_30.000_40.000.wav	30.000	40.000	Fire engine, fire truck (siren)
0_gci63CtFY_30.000_40.000.wav	30.000	40.000	Truck
-oSzD8P2BtU_30.000_40.000.wav	30.000	40.000	Car
ZfkO1HlI0zM_30.000_40.000.wav	30.000	40.000	Car
d21IwtH2oHI_30.000_40.000.wav	30.000	40.000	Car
d21IwtH2oHI_30.000_40.000.wav	30.000	40.000	Motorcycle
UcQ7cVukaxY_21.000_31.000.wav	21.000	31.000
GwBS2NzjAvA_30.000_40.000.wav	30.000	40.000	Car
k8H8rn4NaSM_0.000_10.000.wav	0.000	10.000	Train
vdFYBSlmsXw_30.000_40.000.wav	30.000	40.000	Car
-BaVEk1zS2g_50.000_60.000.wav	50.000	60.000	Train
za8KPcQ0dTw_30.000_40.000.wav	30.000	40.000	Car
PO1eaJ7tQOg_180.000_190.000.wav	180.000	190.000	Car
e2AaF6siR1A_540.000_550.000.wav	540.000	550.000
0x82_HySIVU_30.000_40.000.wav	30.000	40.000	Car
HQ8eR2lvjSE_30.000_40.000.wav	30.000	40.000	Car
qxLdv8u_Ujw_0.000_5.000.wav	0.000	5.000	Car
RN-_agT8_Cg_0.000_10.000.wav	0.000	10.000	Car
4PYTtp78Ig0_60.000_70.000.wav	60.000	70.000	Screaming
K9pSRLw6FNc_40.000_50.000.wav	40.000	50.000	Car
xFr2xX6PulQ_70.000_80.000.wav	70.000	80.000	Car
leOH87itNWM_30.000_40.000.wav	30.000	40.000	Car
eCFUwyU9ZWA_9.000_19.000.wav	9.000	19.000	Screaming
uUiZrgUpw2A_30.000_40.000.wav	30.000	40.000	Fire engine, fire truck (siren)
1BgqrhbyRFw_30.000_40.000.wav	30.000	40.000	Car
tAfucDIyRiM_30.000_40.000.wav	30.000	40.000	Car
cPjtrTq3F-I_30.000_40.000.wav	30.000	40.000	Civil defense siren
f70nsY7ThBA_220.000_230.000.wav	220.000	230.000	Truck
9NT6gEiqpWA_30.000_40.000.wav	30.000	40.000	Car
wwNIm8bgzKc_30.000_40.000.wav	30.000	40.000	Car
2Tmi7EqpGZQ_0.000_10.000.wav	0.000	10.000	Car
6yyToq9cW9A_60.000_70.000.wav	60.000	70.000	Truck
aCX6vJhHO2c_30.000_40.000.wav	30.000	40.000	Car
gKMpowHeyKc_30.000_40.000.wav	30.000	40.000	Car
gKMpowHeyKc_30.000_40.000.wav	30.000	40.000	Train
2UvEmetE__I_30.000_40.000.wav	30.000	40.000	Car
69AIBPnJN5E_0.000_10.000.wav	0.000	10.000	Civil defense siren
Z34SD-OEpJI_10.000_20.000.wav	10.000	20.000	Car
3ACjUf9QpAQ_30.000_40.000.wav	30.000	40.000
8Wk-ZmlsUqY_28.000_38.000.wav	28.000	38.000	Car
z4B14tAqJ4w_30.000_40.000.wav	30.000	40.000	Civil defense siren
z4B14tAqJ4w_30.000_40.000.wav	30.000	40.000	Police car (siren)
Y_ynIwm3qm0_370.000_380.000.wav	370.000	380.000	Car
ANofTuuN0W0_160.000_170.000.wav	160.000	170.000	Skateboard
ANofTuuN0W0_160.000_170.000.wav	160.000	170.000	Car
Tx6eSkU2lKc_30.000_40.000.wav	30.000	40.000	Car
10YXuv9Go0E_140.000_150.000.wav	140.000	150.000	Skateboard
amKDjVcs1Vg_30.000_40.000.wav	30.000	40.000	Car
m_dCO5bBCic_26.000_36.000.wav	26.000	36.000	Car
d-do1XZ8f_E_30.000_40.000.wav	30.000	40.000	Car
g0ICxHjC9Uc_30.000_40.000.wav	30.000	40.000	Car
8oEdgb8iXYA_1.000_11.000.wav	1.000	11.000	Car
8oEdgb8iXYA_1.000_11.000.wav	1.000	11.000	Truck
AIFvFuZPr68_30.000_40.000.wav	30.000	40.000	Car
KPyYUly5xCc_90.000_100.000.wav	90.000	100.000	Car
NoPbk9fy6uw_10.000_20.000.wav	10.000	20.000	Car
xbr7x2V6mxk_30.000_40.000.wav	30.000	40.000	Civil defense siren
xbr7x2V6mxk_30.000_40.000.wav	30.000	40.000	Police car (siren)
dSfcznv4KLo_30.000_40.000.wav	30.000	40.000	Car
nApE_Biu13k_10.000_20.000.wav	10.000	20.000	Car
21QlKF17ipc_30.000_40.000.wav	30.000	40.000	Car
hVvtTC9AmNs_30.000_40.000.wav	30.000	40.000	Car
1HayoASR-54_80.000_90.000.wav	80.000	90.000	Car
2FEhG1UXb_E_370.000_380.000.wav	370.000	380.000	Car
JXmBrD4b4EI_30.000_40.000.wav	30.000	40.000	Car
0vg9qxNKXOw_30.000_40.000.wav	30.000	40.000	Car
CuaBHNKycvI_30.000_40.000.wav	30.000	40.000	Car
5YcIJuYQECc_0.000_6.000.wav	0.000	6.000
2oHGIzH_XzA_30.000_40.000.wav	30.000	40.000	Car
hl3Kqi9Wi_g_30.000_40.000.wav	30.000	40.000	Civil defense siren
GjsxrMRRdfQ_3.000_13.000.wav	3.000	13.000	Car
DEGSyVygE98_110.000_120.000.wav	110.000	120.000	Car
IIIxN_ziy_I_60.000_70.000.wav	60.000	70.000
eIMjkADTWzA_60.000_70.000.wav	60.000	70.000	Police car (siren)
-HxRz4w60-Y_150.000_160.000.wav	150.000	160.000	Fire engine, fire truck (siren)
-HxRz4w60-Y_150.000_160.000.wav	150.000	160.000	Police car (siren)
PVgL5wFOKMs_30.000_40.000.wav	30.000	40.000	Car
GTk_6JDmtCY_230.000_240.000.wav	230.000	240.000	Car
GTk_6JDmtCY_230.000_240.000.wav	230.000	240.000	Truck
pXX6cK4xtiY_11.000_21.000.wav	11.000	21.000	Police car (siren)
y9DFJEsiTLk_110.000_120.000.wav	110.000	120.000	Car
O36torHptH4_30.000_40.000.wav	30.000	40.000	Car
ZcTI8fQgEZE_240.000_250.000.wav	240.000	250.000	Car
gd_KjDM4fi8_0.000_10.000.wav	0.000	10.000	Car
SiBIYAiIajM_30.000_40.000.wav	30.000	40.000	Car
SiBIYAiIajM_30.000_40.000.wav	30.000	40.000	Truck
KzKDk-UgS54_30.000_40.000.wav	30.000	40.000	Car
kJuvA2zmrnY_30.000_40.000.wav	30.000	40.000	Fire engine, fire truck (siren)
kJuvA2zmrnY_30.000_40.000.wav	30.000	40.000	Truck
38F6eeIR-s0_30.000_40.000.wav	30.000	40.000
wjfMWiYLDWA_30.000_40.000.wav	30.000	40.000	Car
_gG0KNGD47M_30.000_40.000.wav	30.000	40.000	Car
UQx0EMXtLZA_60.000_70.000.wav	60.000	70.000	Car
CNcxzB9F-Q8_100.000_110.000.wav	100.000	110.000	Skateboard
CNcxzB9F-Q8_100.000_110.000.wav	100.000	110.000	Car
L1qC8DicAZE_70.000_80.000.wav	70.000	80.000	Car
Zy0goYEHPHU_30.000_40.000.wav	30.000	40.000	Car
Zy0goYEHPHU_30.000_40.000.wav	30.000	40.000	Train
GmbNjZi4xBw_30.000_40.000.wav	30.000	40.000	Car
o2CmtHNUrXg_30.000_40.000.wav	30.000	40.000	Car
x-2Abohj8VY_30.000_40.000.wav	30.000	40.000	Car
UqyvFyQthHo_30.000_40.000.wav	30.000	40.000	Car
v8Kry1CbTkM_310.000_320.000.wav	310.000	320.000	Car
-zNEcuo28oE_30.000_40.000.wav	30.000	40.000	Car
-zNEcuo28oE_30.000_40.000.wav	30.000	40.000	Train
vF2zXcbADUk_20.000_30.000.wav	20.000	30.000	Car
H3vSRzkG82U_30.000_40.000.wav	30.000	40.000
gvnM4kK4r70_10.000_20.000.wav	10.000	20.000
yywGJu6jp8U_30.000_40.000.wav	30.000	40.000	Car
kzFyGWdj6MI_30.000_40.000.wav	30.000	40.000	Civil defense siren
xwqIKDz1bT4_30.000_40.000.wav	30.000	40.000	Car
aOVPHKqKjyQ_90.000_100.000.wav	90.000	100.000	Car
8jblPMBafKE_30.000_40.000.wav	30.000	40.000	Car
-WoudI3gGvk_30.000_40.000.wav	30.000	40.000	Car
0N0C0Wbe6AI_30.000_40.000.wav	30.000	40.000	Police car (siren)
uNpSMpqlkMA_0.000_10.000.wav	0.000	10.000	Car
Cg-DWc9nPfQ_90.000_100.000.wav	90.000	100.000
F-JFxERdA2w_30.000_40.000.wav	30.000	40.000
GBXRuYIvhfM_30.000_40.000.wav	30.000	40.000	Car
xgiJqbhhU3c_30.000_40.000.wav	30.000	40.000	Car
-PVEno65928_30.000_40.000.wav	30.000	40.000	Car
96a4smrM_30_30.000_40.000.wav	30.000	40.000	Car
969Zfj4IoPk_20.000_30.000.wav	20.000	30.000	Car
wD0P-doqkXo_20.000_30.000.wav	20.000	30.000	Fire engine, fire truck (siren)
SEHxfje9Eio_30.000_40.000.wav	30.000	40.000	Car
BGp9-Ro5h8Y_30.000_40.000.wav	30.000	40.000	Civil defense siren
QZJ5WAYIUh8_70.000_80.000.wav	70.000	80.000	Car
ULFhHR0OLSE_30.000_40.000.wav	30.000	40.000	Car
Dw1q9rBv7oU_30.000_40.000.wav	30.000	40.000	Car
Y10I9JSvJuQ_30.000_40.000.wav	30.000	40.000	Car
xabrKa79prM_30.000_40.000.wav	30.000	40.000	Train
vtE1J8HsCUs_30.000_40.000.wav	30.000	40.000	Car
QDW_uCMnMMU_0.000_8.000.wav	0.000	8.000
6BitLl5Bnxw_30.000_40.000.wav	30.000	40.000	Skateboard
6BitLl5Bnxw_30.000_40.000.wav	30.000	40.000	Car
N3osL4QmOL8_49.000_59.000.wav	49.000	59.000
e9xPBfEJni8_230.000_240.000.wav	230.000	240.000	Car
dC1TVxwiitc_30.000_40.000.wav	30.000	40.000	Car
ACGuC6SH4V4_150.000_160.000.wav	150.000	160.000	Car
gFJjYWXeBn0_30.000_40.000.wav	30.000	40.000	Car
JJo971B_eDg_30.000_40.000.wav	30.000	40.000	Skateboard
3RfrTU1p5SA_500.000_510.000.wav	500.000	510.000	Bus
4zCHl7pRsNY_30.000_40.000.wav	30.000	40.000	Car
DkVfro9iq80_30.000_40.000.wav	30.000	40.000	Car
8yRROnG0-lA_30.000_40.000.wav	30.000	40.000	Car
wPfv8ifzzyg_30.000_40.000.wav	30.000	40.000	Car
kH6fFjIZkB0_30.000_40.000.wav	30.000	40.000	Car
ke35yF1LHs4_30.000_40.000.wav	30.000	40.000	Car
aNO2KEXBCOk_30.000_40.000.wav	30.000	40.000	Car
VIe_Qkg5RJI_130.000_140.000.wav	130.000	140.000	Car
2STASUlGAjs_30.000_40.000.wav	30.000	40.000	Car
2STASUlGAjs_30.000_40.000.wav	30.000	40.000	Truck
MWTTe0M9vi4_30.000_40.000.wav	30.000	40.000	Car
qu8vVFWKszA_30.000_40.000.wav	30.000	40.000	Car
2f7Ad-XpbnY_30.000_40.000.wav	30.000	40.000	Car
H9HNXYxRmv8_30.000_40.000.wav	30.000	40.000	Car
02Ak1eIyj3M_30.000_40.000.wav	30.000	40.000	Fire engine, fire truck (siren)
ElJFYwRtrH4_30.000_40.000.wav	30.000	40.000	Screaming
L2M3xanqQP8_30.000_40.000.wav	30.000	40.000	Car
L2M3xanqQP8_30.000_40.000.wav	30.000	40.000	Truck
wHISHmuP58s_80.000_90.000.wav	80.000	90.000	Air horn, truck horn
syCQldBsAtg_30.000_40.000.wav	30.000	40.000	Car
8k17D6qiuqI_30.000_40.000.wav	30.000	40.000	Car
vzP6soELj2Q_0.000_10.000.wav	0.000	10.000	Car
vzP6soELj2Q_0.000_10.000.wav	0.000	10.000	Truck
Yd10enP9ykM_30.000_40.000.wav	30.000	40.000	Car
KrTocA-I550_190.000_200.000.wav	190.000	200.000	Civil defense siren
4_gyCWuPxRg_170.000_180.000.wav	170.000	180.000	Train
XAUtk9lwzU8_30.000_40.000.wav	30.000	40.000	Car
u3vBJgEVJvk_0.000_10.000.wav	0.000	10.000	Skateboard
5-x2pk3YYAs_11.000_21.000.wav	11.000	21.000	Car
FBMR3pW9H9o_30.000_40.000.wav	30.000	40.000	Car
Idzfy0XbZRo_7.000_17.000.wav	7.000	17.000
PF7uY9ydMYc_30.000_40.000.wav	30.000	40.000	Car
GeRgy4of730_30.000_40.000.wav	30.000	40.000	Civil defense siren
9ZYj5toEbGA_0.000_10.000.wav	0.000	10.000	Skateboard
9ZYj5toEbGA_0.000_10.000.wav	0.000	10.000	Car
stnVta2ip9g_30.000_40.000.wav	30.000	40.000	Car
PJUy17bXlhc_40.000_50.000.wav	40.000	50.000	Car
506I6LfdDuk_50.000_60.000.wav	50.000	60.000	Motorcycle
AxM2BofYfPY_30.000_40.000.wav	30.000	40.000	Car
gjlo4evwjlE_30.000_40.000.wav	30.000	40.000	Civil defense siren
gGmWm1i6pVo_30.000_40.000.wav	30.000	40.000	Car
BTNz6NftP34_30.000_40.000.wav	30.000	40.000	Car
fJLCT3xDGxA_30.000_40.000.wav	30.000	40.000	Car
9ct4w4aYWdc_30.000_40.000.wav	30.000	40.000	Car
pvYwIdGrS90_30.000_40.000.wav	30.000	40.000	Fire engine, fire truck (siren)
pvYwIdGrS90_30.000_40.000.wav	30.000	40.000	Truck
KKx7dWRg8s8_8.000_18.000.wav	8.000	18.000	Car
RwBKGPEg6uA_340.000_350.000.wav	340.000	350.000
QDTbchu0LrU_30.000_40.000.wav	30.000	40.000
NdCr5IDnkxc_30.000_40.000.wav	30.000	40.000	Civil defense siren
xqGtIVeeXY4_330.000_340.000.wav	330.000	340.000	Car
-t-htrAtNvM_30.000_40.000.wav	30.000	40.000	Car
-t-htrAtNvM_30.000_40.000.wav	30.000	40.000	Truck
3fPX1LaGwJo_60.000_70.000.wav	60.000	70.000	Car
HQkLVac7z9Q_70.000_80.000.wav	70.000	80.000	Car
fdDTuo_COG8_90.000_100.000.wav	90.000	100.000	Car
NOZsDTFLm7M_0.000_9.000.wav	0.000	9.000	Screaming
Z5M3fGT3Xjk_60.000_70.000.wav	60.000	70.000	Car
iMp8nODaotA_580.000_590.000.wav	580.000	590.000	Car
3ZZDuYU2HM4_150.000_160.000.wav	150.000	160.000	Car
3ZZDuYU2HM4_150.000_160.000.wav	150.000	160.000	Train
aUq4glO5ryE_30.000_40.000.wav	30.000	40.000	Car
gaFQgJLQHtU_90.000_100.000.wav	90.000	100.000	Car
gaFQgJLQHtU_90.000_100.000.wav	90.000	100.000	Motorcycle
C3LLtToB2zA_30.000_40.000.wav	30.000	40.000	Car
IdqEbjujFb8_30.000_40.000.wav	30.000	40.000	Car
MMfiWJVftMA_60.000_70.000.wav	60.000	70.000	Train
1LTxZ2aNytc_30.000_40.000.wav	30.000	40.000
9fzAWj5YJ9c_30.000_40.000.wav	30.000	40.000	Car
620GoTv5Ic8_30.000_40.000.wav	30.000	40.000	Car
Bk_xS_fKCpk_30.000_40.000.wav	30.000	40.000	Car
1jhbNtCWC9w_50.000_60.000.wav	50.000	60.000	Civil defense siren
LzcNa3HvD7c_30.000_40.000.wav	30.000	40.000	Car
9Ti98L4PRCo_17.000_27.000.wav	17.000	27.000
VZfrDZhI7BU_30.000_40.000.wav	30.000	40.000	Skateboard
MYzVHespZ-E_30.000_40.000.wav	30.000	40.000	Car
0CJFt950vOk_30.000_40.000.wav	30.000	40.000	Civil defense siren
Fn7eSPVvgCQ_30.000_40.000.wav	30.000	40.000	Car
bhtB2Zgh9Q8_110.000_120.000.wav	110.000	120.000	Motorcycle
FjyZV8zIJ0k_30.000_40.000.wav	30.000	40.000	Car
-ZdReI9dL6M_530.000_540.000.wav	530.000	540.000	Train
GbIuxmaiCOk_30.000_40.000.wav	30.000	40.000	Fire engine, fire truck (siren)
GbIuxmaiCOk_30.000_40.000.wav	30.000	40.000	Truck
ehYwty_G2L4_13.000_23.000.wav	13.000	23.000	Bicycle
ehYwty_G2L4_13.000_23.000.wav	13.000	23.000	Car
HPWRKwrs-rY_370.000_380.000.wav	370.000	380.000	Skateboard
F50h9HiyC3k_40.000_50.000.wav	40.000	50.000	Car
_yU0-fmspFY_210.000_220.000.wav	210.000	220.000	Car
PfXdcsW8dJI_540.000_550.000.wav	540.000	550.000	Car
s4jG5ZJYCvQ_30.000_40.000.wav	30.000	40.000	Car
BNLOvQbrPdc_290.000_300.000.wav	290.000	300.000	Car
JtuNiusRRLk_30.000_40.000.wav	30.000	40.000	Car
uTu0a1wd9-M_21.000_31.000.wav	21.000	31.000	Car
U_9NuNORYQM_1.000_11.000.wav	1.000	11.000	Screaming
Wz5ffJxCElQ_10.000_20.000.wav	10.000	20.000	Car
-pzwalZ0ub0_5.000_15.000.wav	5.000	15.000	Car
9rq8h4oMJ98_30.000_40.000.wav	30.000	40.000	Car
8CqqK9CzuXM_30.000_40.000.wav	30.000	40.000	Car
8v377AXrgac_30.000_40.000.wav	30.000	40.000	Car
8SYLYWR47EE_30.000_40.000.wav	30.000	40.000	Car
nMaSkwx6cHE_30.000_40.000.wav	30.000	40.000	Truck
Ge_KWS-0098_30.000_40.000.wav	30.000	40.000	Car
u3yYpMwG4Us_30.000_40.000.wav	30.000	40.000	Fire engine, fire truck (siren)
u3yYpMwG4Us_30.000_40.000.wav	30.000	40.000	Police car (siren)
qrCWPsqG9vA_30.000_40.000.wav	30.000	40.000	Car
4DlKNmVcoek_20.000_30.000.wav	20.000	30.000	Car
UWz5OIijWM4_30.000_40.000.wav	30.000	40.000	Car
UWz5OIijWM4_30.000_40.000.wav	30.000	40.000	Motorcycle
ZGf0vrZStwI_30.000_40.000.wav	30.000	40.000	Car
Nq8GyBrTI8Y_30.000_40.000.wav	30.000	40.000	Train
M7NvD1WJQ7o_70.000_80.000.wav	70.000	80.000	Car
u08iA12iAmM_30.000_40.000.wav	30.000	40.000	Civil defense siren
ZJW7ymsioQc_16.000_26.000.wav	16.000	26.000	Car
BxnLAGsByCI_10.000_20.000.wav	10.000	20.000	Car
eL7s5CoW0UA_0.000_7.000.wav	0.000	7.000	Car
Qna9qrV8_go_30.000_40.000.wav	30.000	40.000	Car
9OFUd38sBNM_0.000_8.000.wav	0.000	8.000	Police car (siren)
CCX_4cW_SAU_0.000_10.000.wav	0.000	10.000	Car
lf1Sblrda3A_560.000_570.000.wav	560.000	570.000	Civil defense siren
lf1Sblrda3A_560.000_570.000.wav	560.000	570.000	Train
WvquSD2PcCE_30.000_40.000.wav	30.000	40.000	Fire engine, fire truck (siren)
WvquSD2PcCE_30.000_40.000.wav	30.000	40.000	Truck
X60eVxecY3I_30.000_40.000.wav	30.000	40.000	Car
CnYWJp2bknU_50.000_60.000.wav	50.000	60.000	Car
-iAAxJkoqcM_0.000_6.000.wav	0.000	6.000	Car
aW3DY8XDrmw_22.000_32.000.wav	22.000	32.000	Car
5fLzQegwHUg_30.000_40.000.wav	30.000	40.000	Car
arevYmB0qGg_30.000_40.000.wav	30.000	40.000	Train horn
arevYmB0qGg_30.000_40.000.wav	30.000	40.000	Train
ezUkPETm6cs_30.000_40.000.wav	30.000	40.000	Motorcycle
hH_M56EnnDk_30.000_40.000.wav	30.000	40.000	Car
oxJYMzEmtk4_10.000_20.000.wav	10.000	20.000	Car
KXkxqxoCylc_30.000_40.000.wav	30.000	40.000	Skateboard
KXkxqxoCylc_30.000_40.000.wav	30.000	40.000	Car
ii87iO6JboA_10.000_20.000.wav	10.000	20.000	Car
oogrnx-_LBA_60.000_70.000.wav	60.000	70.000	Train
uFSkczD2i14_30.000_40.000.wav	30.000	40.000	Car
Xggsbzzes3M_30.000_40.000.wav	30.000	40.000	Train horn
Xggsbzzes3M_30.000_40.000.wav	30.000	40.000	Train
ctsq33oUBT8_30.000_40.000.wav	30.000	40.000	Car
kUrb38hMwPs_0.000_10.000.wav	0.000	10.000	Car
OzWJuqG2F3Y_30.000_40.000.wav	30.000	40.000	Screaming
teoER4j9H14_290.000_300.000.wav	290.000	300.000	Car
Nyi9_-u6-w0_30.000_40.000.wav	30.000	40.000	Car
TJ58vMpSy1w_30.000_40.000.wav	30.000	40.000	Car
WffmaOr2p8I_30.000_40.000.wav	30.000	40.000	Car
hDVNQOJCvOk_30.000_40.000.wav	30.000	40.000	Truck
8IaInXpdd9M_0.000_10.000.wav	0.000	10.000	Train
p70IcMwsW9M_30.000_40.000.wav	30.000	40.000	Car
p70IcMwsW9M_30.000_40.000.wav	30.000	40.000	Truck
wUY4eWJt17w_30.000_40.000.wav	30.000	40.000	Car
9HcahqYUVoc_90.000_100.000.wav	90.000	100.000	Motorcycle
6HL_DKWK-WA_10.000_20.000.wav	10.000	20.000	Car
LjEqr0Z7xm0_0.000_6.000.wav	0.000	6.000	Car
yO7guxGY-_k_30.000_40.000.wav	30.000	40.000	Civil defense siren
V2hln47cP78_130.000_140.000.wav	130.000	140.000	Car
V2hln47cP78_130.000_140.000.wav	130.000	140.000	Train
8E7okHnCcTA_30.000_40.000.wav	30.000	40.000	Car
R0VxYDfjyAU_60.000_70.000.wav	60.000	70.000	Car
Pair_NsHdTc_30.000_40.000.wav	30.000	40.000	Car
Pair_NsHdTc_30.000_40.000.wav	30.000	40.000	Motorcycle
VXI3-DI4xNs_30.000_40.000.wav	30.000	40.000	Fire engine, fire truck (siren)
VXI3-DI4xNs_30.000_40.000.wav	30.000	40.000	Police car (siren)
Y_jwEflLthg_190.000_200.000.wav	190.000	200.000	Train
nlYlNF30bVg_30.000_40.000.wav	30.000	40.000
syIwNMo2TUA_0.000_7.000.wav	0.000	7.000
BQpa8whzwAE_30.000_40.000.wav	30.000	40.000	Car
Bqx_SZgCzZw_10.000_20.000.wav	10.000	20.000	Car
DZfYFhywhRs_30.000_40.000.wav	30.000	40.000
eAl9WwRaWUE_30.000_40.000.wav	30.000	40.000	Car
pbOZLMrJy0A_0.000_10.000.wav	0.000	10.000	Car
InrS4Fdndr4_0.000_10.000.wav	0.000	10.000	Fire engine, fire truck (siren)
gV6y9L24wWg_0.000_10.000.wav	0.000	10.000	Car
yQjnNR7fXKo_50.000_60.000.wav	50.000	60.000	Car
9N1iw5Vdim8_20.000_30.000.wav	20.000	30.000	Car
Cwur_jvxMzY_360.000_370.000.wav	360.000	370.000	Car
H9xQQVv3ElI_30.000_40.000.wav	30.000	40.000	Fire engine, fire truck (siren)
H9xQQVv3ElI_30.000_40.000.wav	30.000	40.000	Car
km_hVyma2vo_0.000_10.000.wav	0.000	10.000	Civil defense siren
YilfKdY7w6Y_60.000_70.000.wav	60.000	70.000	Car
4ep09nZl3LA_30.000_40.000.wav	30.000	40.000	Truck
rSrBDAgLUoI_460.000_470.000.wav	460.000	470.000	Car
4KZWpXlcpM4_60.000_70.000.wav	60.000	70.000	Car
OPd0cz1hRqc_30.000_40.000.wav	30.000	40.000	Car
OPd0cz1hRqc_30.000_40.000.wav	30.000	40.000	Truck
BFqHyCoypfM_16.000_26.000.wav	16.000	26.000
NKPAwhwZmqs_30.000_40.000.wav	30.000	40.000	Car
DvMFQ64YwcI_30.000_40.000.wav	30.000	40.000	Car
DvMFQ64YwcI_30.000_40.000.wav	30.000	40.000	Truck
F9Dbcxr-lAI_30.000_40.000.wav	30.000	40.000	Police car (siren)
F9Dbcxr-lAI_30.000_40.000.wav	30.000	40.000	Car
YY9aConw2QE_0.000_10.000.wav	0.000	10.000	Car
YY9aConw2QE_0.000_10.000.wav	0.000	10.000	Truck
ToU1kRagUjY_0.000_10.000.wav	0.000	10.000	Car
A9KMqwqLboE_30.000_40.000.wav	30.000	40.000	Car
cbYZQRz09bc_390.000_400.000.wav	390.000	400.000	Car
LSZPNwZex9s_30.000_40.000.wav	30.000	40.000	Car
SqWkV-UQ6CI_30.000_40.000.wav	30.000	40.000	Car
yhcmPrU3QSk_61.000_71.000.wav	61.000	71.000	Car
jbW2ew8VMfU_50.000_60.000.wav	50.000	60.000	Car
ULS3ffQkCW4_30.000_40.000.wav	30.000	40.000	Car
ZaUaqnLdg6k_30.000_40.000.wav	30.000	40.000	Skateboard
ZaUaqnLdg6k_30.000_40.000.wav	30.000	40.000	Car
SkbFczIabRY_30.000_40.000.wav	30.000	40.000	Car
5vmxFp1r1ZM_30.000_40.000.wav	30.000	40.000	Car
HS28EUWt8dE_110.000_120.000.wav	110.000	120.000
l-iIfi3SNpw_120.000_130.000.wav	120.000	130.000	Screaming
iX34nDCq9NU_10.000_20.000.wav	10.000	20.000	Car
gw9pYEG2Zb0_20.000_30.000.wav	20.000	30.000	Police car (siren)
rCQykaL8Hy4_30.000_40.000.wav	30.000	40.000	Police car (siren)
bQSaQ0iX_vk_30.000_40.000.wav	30.000	40.000	Car
bDFQWubN4x4_30.000_40.000.wav	30.000	40.000	Car
4MIHbR4QZhE_30.000_40.000.wav	30.000	40.000	Car
M5kwg1kx4q0_30.000_40.000.wav	30.000	40.000	Car
uUyB4q7jgn4_30.000_40.000.wav	30.000	40.000	Car
ysNK5RVF3Zw_0.000_10.000.wav	0.000	10.000	Police car (siren)
s3-i5eUpe6c_30.000_40.000.wav	30.000	40.000	Car
njodYtK0Hqg_30.000_40.000.wav	30.000	40.000	Car
vHKBrtPDSvA_150.000_160.000.wav	150.000	160.000	Bicycle
_HGGCwtyNxM_30.000_40.000.wav	30.000	40.000	Car
QcLfJE-YfJY_30.000_40.000.wav	30.000	40.000
MZ1Yh6mRC-E_30.000_40.000.wav	30.000	40.000	Police car (siren)
9lMtTDKyDEk_30.000_40.000.wav	30.000	40.000	Car
4MRzQbAIyV4_90.000_100.000.wav	90.000	100.000	Car
4MRzQbAIyV4_90.000_100.000.wav	90.000	100.000	Truck
lp66EaEOOoU_30.000_40.000.wav	30.000	40.000	Car
lp66EaEOOoU_30.000_40.000.wav	30.000	40.000	Truck
9VziOIkNXsE_30.000_40.000.wav	30.000	40.000	Car
XYLheTmlEYI_30.000_40.000.wav	30.000	40.000	Civil defense siren
lRrv5m9Xu4k_30.000_40.000.wav	30.000	40.000	Car
dPcw4R5lczw_500.000_510.000.wav	500.000	510.000	Car
1HtGgZnlKjU_30.000_40.000.wav	30.000	40.000	Car
umcnfA9veOw_160.000_170.000.wav	160.000	170.000	Train
7g6aZTBe2xE_30.000_40.000.wav	30.000	40.000	Car
7g6aZTBe2xE_30.000_40.000.wav	30.000	40.000	Truck
LK4b2eJpy24_30.000_40.000.wav	30.000	40.000	Car
PP741kd2vRM_30.000_40.000.wav	30.000	40.000
HQQxGJKg1iM_30.000_40.000.wav	30.000	40.000
ihQDd1CqFBw_70.000_80.000.wav	70.000	80.000	Car
AdpNSGX2_Pk_10.000_20.000.wav	10.000	20.000	Car
HDEPd5MIaow_30.000_40.000.wav	30.000	40.000	Car
TrQGIZqrW0s_30.000_40.000.wav	30.000	40.000	Car
3-a8i_MEUl8_30.000_40.000.wav	30.000	40.000	Skateboard
a_6CZ2JaEuc_0.000_2.000.wav	0.000	2.000	Air horn, truck horn
g4cA-ifQc70_30.000_40.000.wav	30.000	40.000	Car
CJXNdudcJrs_30.000_40.000.wav	30.000	40.000	Civil defense siren
IziTYkSwq9Q_30.000_40.000.wav	30.000	40.000
CMWoAvgD0A0_9.000_19.000.wav	9.000	19.000	Car
6_TGlFO0DCk_10.000_20.000.wav	10.000	20.000	Train
zz35Va7tYmA_30.000_40.000.wav	30.000	40.000	Car
HxMoMMrA6Eo_30.000_40.000.wav	30.000	40.000	Car
ExqedxdXuBc_70.000_80.000.wav	70.000	80.000	Car
vjsG5b2yNzc_190.000_200.000.wav	190.000	200.000	Civil defense siren
Ntn6YvZM3kA_0.000_10.000.wav	0.000	10.000	Car
wyhurCZbKQU_30.000_40.000.wav	30.000	40.000	Car
zbiJEml563w_20.000_30.000.wav	20.000	30.000	Fire engine, fire truck (siren)
zbiJEml563w_20.000_30.000.wav	20.000	30.000	Police car (siren)
xVG7dfH5DL0_320.000_330.000.wav	320.000	330.000	Car
hdYQzH2E-e4_310.000_320.000.wav	310.000	320.000	Car
hdYQzH2E-e4_310.000_320.000.wav	310.000	320.000	Truck
7eeN-fXbso8_20.000_30.000.wav	20.000	30.000	Car
_jfv_ziZWII_60.000_70.000.wav	60.000	70.000	Car
9yhMtJ50sys_30.000_40.000.wav	30.000	40.000	Car
mT-f0lGk-JM_30.000_40.000.wav	30.000	40.000	Car
5DW8WjxxCag_30.000_40.000.wav	30.000	40.000	Car
FEGa4e6RAlw_30.000_40.000.wav	30.000	40.000	Car
FEoMTMxzn3U_30.000_40.000.wav	30.000	40.000	Car
XyCjByHuDIk_260.000_270.000.wav	260.000	270.000	Car
Z8cigemT5_g_210.000_220.000.wav	210.000	220.000	Car
BlhUt8AJJO8_30.000_40.000.wav	30.000	40.000	Skateboard
AlsDSDTiaWI_30.000_40.000.wav	30.000	40.000	Car
YjScrri_F7U_0.000_10.000.wav	0.000	10.000	Car
L4Z7XkS6CtA_30.000_40.000.wav	30.000	40.000	Car
-fJsZm3YRc0_30.000_40.000.wav	30.000	40.000	Fire engine, fire truck (siren)
-fJsZm3YRc0_30.000_40.000.wav	30.000	40.000	Truck
hWiGgsuGnzs_100.000_110.000.wav	100.000	110.000
HHlb-h2Pc7o_30.000_40.000.wav	30.000	40.000	Car
DWXQ_cSUW98_30.000_40.000.wav	30.000	40.000	Fire engine, fire truck (siren)
DWXQ_cSUW98_30.000_40.000.wav	30.000	40.000	Truck
6U942AYlcXA_30.000_40.000.wav	30.000	40.000	Car
3FWHjjZGT9U_80.000_90.000.wav	80.000	90.000	Car
XzE7mp3pVik_0.000_10.000.wav	0.000	10.000	Car
4JDah6Ckr9k_5.000_15.000.wav	5.000	15.000	Car
DK_6C29B2zs_14.000_24.000.wav	14.000	24.000	Police car (siren)
SDl0tWf9Q44_30.000_40.000.wav	30.000	40.000	Skateboard
owZDBEq6WdU_30.000_40.000.wav	30.000	40.000	Car
d6AioJ8CkTc_30.000_40.000.wav	30.000	40.000	Car
1n_s2Gb5R1Q_30.000_40.000.wav	30.000	40.000	Reversing beeps
1n_s2Gb5R1Q_30.000_40.000.wav	30.000	40.000	Bus
1n_s2Gb5R1Q_30.000_40.000.wav	30.000	40.000	Truck
UerX5Bv2hcs_70.000_80.000.wav	70.000	80.000	Car
UerX5Bv2hcs_70.000_80.000.wav	70.000	80.000	Train
lu5teS1j1RQ_0.000_10.000.wav	0.000	10.000	Car
oHKTmTLEy68_11.000_21.000.wav	11.000	21.000	Car
L60HS_jbZu0_30.000_40.000.wav	30.000	40.000	Civil defense siren
EqFuY_U0Yz0_30.000_40.000.wav	30.000	40.000	Car
tu-cxDG2mW8_0.000_10.000.wav	0.000	10.000	Car
wD4QouhX8zo_30.000_40.000.wav	30.000	40.000	Car
BGR0QnX4k6w_30.000_40.000.wav	30.000	40.000	Car
zCdOEvduBTo_30.000_40.000.wav	30.000	40.000	Car
NMqSBlEq14Q_30.000_40.000.wav	30.000	40.000	Car
IuTfMfzkr5Y_120.000_130.000.wav	120.000	130.000
cEEoKQ38fHY_30.000_40.000.wav	30.000	40.000	Car
0lPcHRhXlWk_30.000_40.000.wav	30.000	40.000	Car
mX45CiTjf8I_30.000_40.000.wav	30.000	40.000	Motorcycle
3h3_IZWhX0g_30.000_40.000.wav	30.000	40.000	Car
LzZ_nxuZ8Co_30.000_40.000.wav	30.000	40.000	Car
IYaEZkAO0LU_30.000_40.000.wav	30.000	40.000	Car
8rzhhvS0tGc_30.000_40.000.wav	30.000	40.000	Car
ES-rjFfuxq4_120.000_130.000.wav	120.000	130.000	Car
0YIyGEM0yG0_550.000_560.000.wav	550.000	560.000	Car
3YChVhqW42E_130.000_140.000.wav	130.000	140.000	Car
j9Z63H5hvrQ_0.000_10.000.wav	0.000	10.000	Train
gU0mD2fSh4c_500.000_510.000.wav	500.000	510.000	Car
6MCy1lh4qaw_20.000_30.000.wav	20.000	30.000	Motorcycle
dAud19zNZyw_190.000_200.000.wav	190.000	200.000	Train
_8MvhMlbwiE_40.000_50.000.wav	40.000	50.000	Car
077aWlQn6XI_30.000_40.000.wav	30.000	40.000	Car
PNaLTW50fxM_60.000_70.000.wav	60.000	70.000	Car
d-m8eXCpeDg_30.000_40.000.wav	30.000	40.000	Car
d-m8eXCpeDg_30.000_40.000.wav	30.000	40.000	Motorcycle
buOEFwXhoe0_310.000_320.000.wav	310.000	320.000	Car
-QxSFr1cYuQ_20.000_30.000.wav	20.000	30.000	Train
qC5M7BAsKOA_0.000_10.000.wav	0.000	10.000	Car
JwAhcHHF2qg_30.000_40.000.wav	30.000	40.000	Car
Fo_FDiZhzDo_30.000_40.000.wav	30.000	40.000	Car
AHom7lBbtoY_30.000_40.000.wav	30.000	40.000	Train
GKc8PCTen8Q_310.000_320.000.wav	310.000	320.000	Car
r06tmeUDgc8_3.000_13.000.wav	3.000	13.000	Car
w8Md65mE5Vc_30.000_40.000.wav	30.000	40.000	Car
Zltlj0fDeS4_30.000_40.000.wav	30.000	40.000
nYAbLuyqPis_30.000_40.000.wav	30.000	40.000	Car
JpLA7HY9r3Y_30.000_40.000.wav	30.000	40.000	Fire engine, fire truck (siren)
uCRAnDBXxgI_30.000_40.000.wav	30.000	40.000	Civil defense siren
8DaEd5KbnnA_80.000_90.000.wav	80.000	90.000	Fire engine, fire truck (siren)
aHEAK0iWqKk_180.000_190.000.wav	180.000	190.000	Car
MPSf7dJpV5w_30.000_40.000.wav	30.000	40.000	Train
P94rcZSuTT8_30.000_40.000.wav	30.000	40.000	Car
Tmm4H6alHCE_30.000_40.000.wav	30.000	40.000
7lJu9wEsErY_220.000_230.000.wav	220.000	230.000	Car
ySqfMcFk5LM_30.000_40.000.wav	30.000	40.000	Car
nKM4MUAsVzg_100.000_110.000.wav	100.000	110.000	Train
RVTKY5KR3ME_20.000_30.000.wav	20.000	30.000	Police car (siren)
_43OOP6UEw0_30.000_40.000.wav	30.000	40.000	Skateboard
0phl6nlC-n0_10.000_20.000.wav	10.000	20.000	Police car (siren)
xQTPEQDb0Gg_30.000_40.000.wav	30.000	40.000	Car
42P93B_GzGA_30.000_40.000.wav	30.000	40.000	Car
llZBUsAwRWc_30.000_40.000.wav	30.000	40.000	Car
hHb0Eq1I7Fk_0.000_10.000.wav	0.000	10.000	Skateboard
zMICvbCJ6zc_550.000_560.000.wav	550.000	560.000	Car
4XAVaSz_P7c_150.000_160.000.wav	150.000	160.000	Civil defense siren
wM-sBzIDzok_30.000_40.000.wav	30.000	40.000	Car
0Ga7T-2e490_17.000_27.000.wav	17.000	27.000	Car
zCuKYr_oMlE_60.000_70.000.wav	60.000	70.000	Car
KkGTB8ESMCM_0.000_10.000.wav	0.000	10.000	Car
Wak5QxsS-QU_30.000_40.000.wav	30.000	40.000
Kwpn3utYEHM_30.000_40.000.wav	30.000	40.000	Car
lb1awXgoyQE_0.000_10.000.wav	0.000	10.000	Car
a59ivTlYoNk_310.000_320.000.wav	310.000	320.000	Car
AyfuBDN3Vdw_40.000_50.000.wav	40.000	50.000	Car
DLxTYAUifjU_30.000_40.000.wav	30.000	40.000	Car
PCl-q7lCT_U_50.000_60.000.wav	50.000	60.000	Fire engine, fire truck (siren)
k2a30--j37Q_30.000_40.000.wav	30.000	40.000	Civil defense siren
pzup58Eyhuo_30.000_40.000.wav	30.000	40.000	Fire engine, fire truck (siren)
2nejPPEWqJ8_320.000_330.000.wav	320.000	330.000	Car
fOVsAMJ3Yms_30.000_40.000.wav	30.000	40.000	Car
_dkeW6lqmq4_30.000_40.000.wav	30.000	40.000	Car
_dkeW6lqmq4_30.000_40.000.wav	30.000	40.000	Train
MQ0YasvMcuQ_1.000_11.000.wav	1.000	11.000
AwJ8orGuOXg_2.000_12.000.wav	2.000	12.000	Car
FRwFfq3Tl1g_310.000_320.000.wav	310.000	320.000	Car
vN7dJyt-nj0_20.000_30.000.wav	20.000	30.000	Police car (siren)
ATAL-_Dblvg_0.000_7.000.wav	0.000	7.000	Car
4t7Mi3pnSA4_210.000_220.000.wav	210.000	220.000	Train
ieZVo7W3BQ4_30.000_40.000.wav	30.000	40.000	Car
ieZVo7W3BQ4_30.000_40.000.wav	30.000	40.000	Truck
2E_N8lnoVKE_30.000_40.000.wav	30.000	40.000	Car
d1o334I5X_k_30.000_40.000.wav	30.000	40.000	Civil defense siren
vBXPyBiyJG0_30.000_40.000.wav	30.000	40.000	Fire engine, fire truck (siren)
vBXPyBiyJG0_30.000_40.000.wav	30.000	40.000	Police car (siren)
AK0kZUDk294_2.000_12.000.wav	2.000	12.000	Car
j2R1zurR39E_30.000_40.000.wav	30.000	40.000	Car
ZlS4vIWQMmE_0.000_10.000.wav	0.000	10.000	Fire engine, fire truck (siren)
ZlS4vIWQMmE_0.000_10.000.wav	0.000	10.000	Police car (siren)
ne4IMxs-hMk_30.000_40.000.wav	30.000	40.000	Civil defense siren
-3z5mFRgbxc_30.000_40.000.wav	30.000	40.000	Car
8m-a_6wLTkU_230.000_240.000.wav	230.000	240.000	Bicycle
AFwmMFq_xlc_390.000_400.000.wav	390.000	400.000	Car
UkCEuwYUW8c_110.000_120.000.wav	110.000	120.000	Car
NrR1wmCpqAk_12.000_22.000.wav	12.000	22.000	Car
9gkppwB5CXA_30.000_40.000.wav	30.000	40.000	Skateboard
9gkppwB5CXA_30.000_40.000.wav	30.000	40.000	Car
6ibh38autyA_30.000_40.000.wav	30.000	40.000	Car
APsvUzw7bWA_60.000_70.000.wav	60.000	70.000	Bicycle
APsvUzw7bWA_60.000_70.000.wav	60.000	70.000	Car
lj7hzmz19-M_30.000_40.000.wav	30.000	40.000	Motorcycle
4tKvAMmAUMM_30.000_40.000.wav	30.000	40.000	Car
Kf9Kr69mwOA_14.000_24.000.wav	14.000	24.000	Car
JcO2TTtiplA_30.000_40.000.wav	30.000	40.000
9OcAwC8y-eQ_30.000_40.000.wav	30.000	40.000	Car
vYKWnuvq2FI_30.000_40.000.wav	30.000	40.000	Fire engine, fire truck (siren)
6OgSNQOTw2U_30.000_40.000.wav	30.000	40.000	Car
7W_kcu0CJqI_310.000_320.000.wav	310.000	320.000	Car
ahct5yzUtdE_20.000_30.000.wav	20.000	30.000	Car
L3a132_uApg_50.000_60.000.wav	50.000	60.000	Train
CDrpqsGqfPo_10.000_20.000.wav	10.000	20.000	Fire engine, fire truck (siren)
tdRMxc4UWRk_30.000_40.000.wav	30.000	40.000	Car
6-yQsEH2WYA_30.000_40.000.wav	30.000	40.000	Car
6kuESYFcEqw_30.000_40.000.wav	30.000	40.000	Car
6kuESYFcEqw_30.000_40.000.wav	30.000	40.000	Motorcycle
xZ8hQliZqhg_160.000_170.000.wav	160.000	170.000	Car
xZ8hQliZqhg_160.000_170.000.wav	160.000	170.000	Motorcycle
bA8mt0JI0Ko_30.000_40.000.wav	30.000	40.000	Police car (siren)
4Tpy1lsfcSM_30.000_40.000.wav	30.000	40.000	Car
4Tpy1lsfcSM_30.000_40.000.wav	30.000	40.000	Truck
5z1rE_l-0Ow_0.000_8.000.wav	0.000	8.000	Car
0mQcGLpc8to_30.000_40.000.wav	30.000	40.000	Car
mAfPu0meA_Y_20.000_30.000.wav	20.000	30.000	Fire engine, fire truck (siren)
45vBbOhzS6g_50.000_60.000.wav	50.000	60.000	Screaming
gc6VlixMHXE_30.000_40.000.wav	30.000	40.000	Car
gxVhAVNjSU0_30.000_40.000.wav	30.000	40.000	Car
ZyuX_gMFiss_30.000_40.000.wav	30.000	40.000	Car
eV5JX81GzqA_150.000_160.000.wav	150.000	160.000	Car
yrscqyUOIlI_30.000_40.000.wav	30.000	40.000	Car
L535vIV3ED4_40.000_50.000.wav	40.000	50.000	Car
rLUIHCc4b9A_0.000_7.000.wav	0.000	7.000	Car
JgXnbgS_XBk_480.000_490.000.wav	480.000	490.000	Car
vOYj9W7Jsxk_8.000_18.000.wav	8.000	18.000	Car
iZgzRfa-xPQ_30.000_40.000.wav	30.000	40.000	Train horn
iZgzRfa-xPQ_30.000_40.000.wav	30.000	40.000	Train
73cuZZq-J3w_20.000_30.000.wav	20.000	30.000	Car
sAMjMyCdGOc_30.000_40.000.wav	30.000	40.000	Car
LA5TekLaIPI_10.000_20.000.wav	10.000	20.000
eHiqCLHmoxI_0.000_8.000.wav	0.000	8.000	Car
D_nXtMgbPNY_30.000_40.000.wav	30.000	40.000	Car
2-h8MRSRvEg_30.000_40.000.wav	30.000	40.000	Car
R_Lpb-51Kl4_30.000_40.000.wav	30.000	40.000	Train
Hk7HqLBHWng_30.000_40.000.wav	30.000	40.000	Car
Dmy4EjohxxU_60.000_70.000.wav	60.000	70.000	Car
Dmy4EjohxxU_60.000_70.000.wav	60.000	70.000	Truck
xvAQ44hx3_k_220.000_230.000.wav	220.000	230.000	Car
4APBvMmKubU_10.000_20.000.wav	10.000	20.000	Police car (siren)
3YRkin3bMlQ_170.000_180.000.wav	170.000	180.000	Car alarm
3YRkin3bMlQ_170.000_180.000.wav	170.000	180.000	Police car (siren)
7Gua0-UrKIw_30.000_40.000.wav	30.000	40.000	Car
7Gua0-UrKIw_30.000_40.000.wav	30.000	40.000	Truck
xshKOSEF_6o_0.000_10.000.wav	0.000	10.000	Car
G6A-sT2DOjY_30.000_40.000.wav	30.000	40.000	Car
aa4uhPvKviY_30.000_40.000.wav	30.000	40.000	Car
oPR7tUEUptk_30.000_40.000.wav	30.000	40.000	Fire engine, fire truck (siren)
oPR7tUEUptk_30.000_40.000.wav	30.000	40.000	Truck
Mxn2FKuNwiI_20.000_30.000.wav	20.000	30.000	Car
H8d1mZOqb1c_110.000_120.000.wav	110.000	120.000	Car
qg4WxBm8h_w_510.000_520.000.wav	510.000	520.000	Bus
PPq9QZmV7jc_25.000_35.000.wav	25.000	35.000	Car
Yt4ZWNjvJOY_50.000_60.000.wav	50.000	60.000	Car
jaSK_t8QP1E_30.000_40.000.wav	30.000	40.000	Car
fHaQPHCjyfA_30.000_40.000.wav	30.000	40.000	Fire engine, fire truck (siren)
fHaQPHCjyfA_30.000_40.000.wav	30.000	40.000	Police car (siren)
5DjZHCumLfs_11.000_21.000.wav	11.000	21.000	Car
5DjZHCumLfs_11.000_21.000.wav	11.000	21.000	Truck
T73runykdnE_25.000_35.000.wav	25.000	35.000	Train
6kXUG1Zo6VA_0.000_10.000.wav	0.000	10.000	Skateboard
qDQX7Xi3GsQ_30.000_40.000.wav	30.000	40.000	Car
xsT5ZJUnBg0_160.000_170.000.wav	160.000	170.000	Car
MAbDEeLF4cQ_30.000_40.000.wav	30.000	40.000	Car
QWVub6-0jX4_30.000_40.000.wav	30.000	40.000	Car
dThSTe35jb0_50.000_60.000.wav	50.000	60.000	Car
dFqOBLxhEl8_20.000_30.000.wav	20.000	30.000	Car
xuMBy2NoROI_30.000_40.000.wav	30.000	40.000	Car
9LJnjmcRcb8_280.000_290.000.wav	280.000	290.000	Car
pk75WDyNZKc_30.000_40.000.wav	30.000	40.000	Car
ucICmff0K-Q_30.000_40.000.wav	30.000	40.000	Car
bIObkrK06rk_15.000_25.000.wav	15.000	25.000	Fire engine, fire truck (siren)
CD7INyI79fM_170.000_180.000.wav	170.000	180.000
SxI3Lnzzmkw_110.000_120.000.wav	110.000	120.000
oYeql9xE19k_30.000_40.000.wav	30.000	40.000	Civil defense siren
DYcXvyBFc5w_30.000_40.000.wav	30.000	40.000	Car
epGDNMrsQb8_40.000_50.000.wav	40.000	50.000	Car
epGDNMrsQb8_40.000_50.000.wav	40.000	50.000	Motorcycle
lqGtL8sUo_g_30.000_40.000.wav	30.000	40.000	Fire engine, fire truck (siren)
lqGtL8sUo_g_30.000_40.000.wav	30.000	40.000	Civil defense siren
dDTvjXXFkDg_30.000_40.000.wav	30.000	40.000	Car
lHP0q2sQzPQ_30.000_40.000.wav	30.000	40.000	Car
FgN9v1jYqjA_30.000_40.000.wav	30.000	40.000	Car
fZMPDCNyQxE_30.000_40.000.wav	30.000	40.000	Car
Ys_rO2Ieg1U_30.000_40.000.wav	30.000	40.000	Car
WZoQD6cInx8_360.000_370.000.wav	360.000	370.000	Car
X8fEzx-fA0U_80.000_90.000.wav	80.000	90.000	Car
4l4vGrMD4Tw_550.000_560.000.wav	550.000	560.000	Car
Rhvy7V4F95Q_40.000_50.000.wav	40.000	50.000	Train horn
Rhvy7V4F95Q_40.000_50.000.wav	40.000	50.000	Train
CZgx_6XaEkg_30.000_40.000.wav	30.000	40.000	Car
CZgx_6XaEkg_30.000_40.000.wav	30.000	40.000	Motorcycle
yQg3eMb0QKU_30.000_40.000.wav	30.000	40.000	Car
m3LGopSVju4_30.000_40.000.wav	30.000	40.000	Civil defense siren
vHlqKDR7ggA_30.000_40.000.wav	30.000	40.000	Car
uZfsEDo3elY_20.000_30.000.wav	20.000	30.000	Train
monelE7hnwI_20.000_30.000.wav	20.000	30.000	Police car (siren)
monelE7hnwI_20.000_30.000.wav	20.000	30.000	Car
1P5FFxXLSpY_30.000_40.000.wav	30.000	40.000	Car
7ARVgI_wx5Y_30.000_40.000.wav	30.000	40.000
31WGUPOYS5g_22.000_32.000.wav	22.000	32.000
-FKrYTj_eCU_0.000_10.000.wav	0.000	10.000	Car
2IsAlhq0XFc_30.000_40.000.wav	30.000	40.000	Car
vW1nk4o9u5g_30.000_40.000.wav	30.000	40.000	Car
cHCIoXF7moA_30.000_40.000.wav	30.000	40.000	Car
DRqKOlP8BmU_110.000_120.000.wav	110.000	120.000	Car
ePVb5Upev8k_40.000_50.000.wav	40.000	50.000	Car
nuu2iNisoQc_6.000_16.000.wav	6.000	16.000	Civil defense siren
GORjnSWhZeY_30.000_40.000.wav	30.000	40.000	Fire engine, fire truck (siren)
GORjnSWhZeY_30.000_40.000.wav	30.000	40.000	Police car (siren)
ZY6A9ZDkudg_130.000_140.000.wav	130.000	140.000	Car
GgV0yYogTPI_30.000_40.000.wav	30.000	40.000	Police car (siren)
yESwp_fg0Po_70.000_80.000.wav	70.000	80.000	Car
3S2-TODd__k_90.000_100.000.wav	90.000	100.000	Car
g9JVq7wfDIo_30.000_40.000.wav	30.000	40.000	Train
DcU6AzN7imA_210.000_220.000.wav	210.000	220.000	Car
DcU6AzN7imA_210.000_220.000.wav	210.000	220.000	Truck
6FVA4hqp1Ro_30.000_40.000.wav	30.000	40.000	Car
KiCB6pP6EEo_100.000_110.000.wav	100.000	110.000	Car
pPnLErF3GOY_30.000_40.000.wav	30.000	40.000	Car
mIkW7mWlnXw_30.000_40.000.wav	30.000	40.000	Bicycle
O1_Rw2dHb1I_2.000_12.000.wav	2.000	12.000	Bicycle
nNHW3Uxlb-g_30.000_40.000.wav	30.000	40.000	Car
bi8R9JbF2cc_80.000_90.000.wav	80.000	90.000	Car
eRclX9l0F_c_150.000_160.000.wav	150.000	160.000	Car
zpzJKMG5iGc_30.000_40.000.wav	30.000	40.000	Fire engine, fire truck (siren)
UxSUGCvpskM_340.000_350.000.wav	340.000	350.000	Car
UtZofZjccBs_290.000_300.000.wav	290.000	300.000	Skateboard
kSjvt2Z_pBo_30.000_40.000.wav	30.000	40.000	Police car (siren)
_Mw9lKigni4_30.000_40.000.wav	30.000	40.000	Skateboard
ee-0JGvEIng_30.000_40.000.wav	30.000	40.000	Car
iKca2cbowd4_30.000_40.000.wav	30.000	40.000	Civil defense siren
7NH1WJlSiYI_30.000_40.000.wav	30.000	40.000	Car
z_8yGVO1qws_30.000_40.000.wav	30.000	40.000	Car
akgqVmFFDiY_30.000_40.000.wav	30.000	40.000	Car
D3BJuOwltoI_10.000_20.000.wav	10.000	20.000	Motorcycle
OjVY3oM1jEU_40.000_50.000.wav	40.000	50.000	Air horn, truck horn
DqOGYyFVnKk_200.000_210.000.wav	200.000	210.000	Car
DYdalOQnx1Y_30.000_40.000.wav	30.000	40.000	Truck
Tv67JhZDAYs_30.000_40.000.wav	30.000	40.000	Car
DkKpnvJk9u0_30.000_40.000.wav	30.000	40.000	Car
BAekfGvUtFM_30.000_40.000.wav	30.000	40.000	Car
uysTr0SfhLI_10.000_20.000.wav	10.000	20.000	Train
0lpPdWvg7Eo_0.000_10.000.wav	0.000	10.000	Car
jCeUZwd8b2w_0.000_10.000.wav	0.000	10.000	Car
Qt7FJkuqWPE_30.000_40.000.wav	30.000	40.000	Car
yBVxtq9k8Sg_0.000_10.000.wav	0.000	10.000	Train horn
yBVxtq9k8Sg_0.000_10.000.wav	0.000	10.000	Train
TWDytzefXXc_10.000_20.000.wav	10.000	20.000	Car
E8NgxTz1d90_30.000_40.000.wav	30.000	40.000	Car
srTX18ikXkE_10.000_20.000.wav	10.000	20.000	Car
3hLxPQpmfQo_30.000_40.000.wav	30.000	40.000	Car
3hLxPQpmfQo_30.000_40.000.wav	30.000	40.000	Motorcycle
gB1ytjgpcW4_190.000_200.000.wav	190.000	200.000	Car
feIue4LHzfM_30.000_40.000.wav	30.000	40.000	Civil defense siren
BWoL8oKoTFI_30.000_40.000.wav	30.000	40.000	Car
GFQnh84kNwU_30.000_40.000.wav	30.000	40.000	Train horn
GFQnh84kNwU_30.000_40.000.wav	30.000	40.000	Train
d3gMwtMK6Gs_30.000_40.000.wav	30.000	40.000	Car
saPU2JNoytU_0.000_10.000.wav	0.000	10.000	Car
Sb3V17F8xU8_360.000_370.000.wav	360.000	370.000	Car
Do9Dffb6vHA_30.000_40.000.wav	30.000	40.000	Car
Ky9Kw-0XwAs_30.000_40.000.wav	30.000	40.000	Car
dfwr8wgZU8M_40.000_50.000.wav	40.000	50.000	Car
D4M3YT75ZrQ_90.000_100.000.wav	90.000	100.000	Fire engine, fire truck (siren)
WXsTHg_DiYA_30.000_40.000.wav	30.000	40.000	Civil defense siren
BS1fqEDAvh0_330.000_340.000.wav	330.000	340.000	Car
stdjjG6Y5IU_30.000_40.000.wav	30.000	40.000	Car
txXSE7kgrc8_30.000_40.000.wav	30.000	40.000	Car
dmJH84FnQa8_30.000_40.000.wav	30.000	40.000	Car
X2MlmcY8UZU_30.000_40.000.wav	30.000	40.000	Civil defense siren
X2MlmcY8UZU_30.000_40.000.wav	30.000	40.000	Car
8q8JrJNAa-Q_30.000_40.000.wav	30.000	40.000	Car
3xh2kScw64U_30.000_40.000.wav	30.000	40.000	Police car (siren)
3xh2kScw64U_30.000_40.000.wav	30.000	40.000	Car
6Y8bKS6KLeE_30.000_40.000.wav	30.000	40.000	Reversing beeps
6Y8bKS6KLeE_30.000_40.000.wav	30.000	40.000	Truck
0G50t4FlbIA_60.000_70.000.wav	60.000	70.000	Car
pW5SI1ZKUpA_30.000_40.000.wav	30.000	40.000	Train
WxChkRrVOIs_0.000_7.000.wav	0.000	7.000	Car
vPDXFKcdaS4_0.000_10.000.wav	0.000	10.000	Car
0QwxnzHf_0E_30.000_40.000.wav	30.000	40.000	Car
6rXgD5JlYxY_30.000_40.000.wav	30.000	40.000	Car
6rXgD5JlYxY_30.000_40.000.wav	30.000	40.000	Truck
Msl9dI5yweA_90.000_100.000.wav	90.000	100.000	Screaming
Ju7Kg_H2iZQ_30.000_40.000.wav	30.000	40.000	Car
Ju7Kg_H2iZQ_30.000_40.000.wav	30.000	40.000	Truck
CLIdVCUO_Vw_30.000_40.000.wav	30.000	40.000
XDTlBb3aYqo_30.000_40.000.wav	30.000	40.000	Car
aeHCq6fFkNo_30.000_40.000.wav	30.000	40.000	Car
q7zzKHFWGkg_30.000_40.000.wav	30.000	40.000	Car
q7zzKHFWGkg_30.000_40.000.wav	30.000	40.000	Train
X5Xs8Y1cJK0_30.000_40.000.wav	30.000	40.000	Motorcycle
7KdSGBzXvz8_420.000_430.000.wav	420.000	430.000	Car
M8BFtmQRHq4_200.000_210.000.wav	200.000	210.000	Car
Mb-GyQEKoEc_30.000_40.000.wav	30.000	40.000	Car
Mb-GyQEKoEc_30.000_40.000.wav	30.000	40.000	Motorcycle
DXlTakKvLzg_30.000_40.000.wav	30.000	40.000	Car
DXlTakKvLzg_30.000_40.000.wav	30.000	40.000	Motorcycle
B9n4a5ciI48_16.000_26.000.wav	16.000	26.000	Car
IIypdzgZAaI_30.000_40.000.wav	30.000	40.000	Civil defense siren
iEX8L_oEbsU_30.000_40.000.wav	30.000	40.000	Fire engine, fire truck (siren)
acvV6yYNc7Y_30.000_40.000.wav	30.000	40.000	Car
pJ1fore8JbQ_30.000_40.000.wav	30.000	40.000	Car
pJ1fore8JbQ_30.000_40.000.wav	30.000	40.000	Truck
hYqzr_rIIAw_30.000_40.000.wav	30.000	40.000	Car
GPJ1uQwmNHk_30.000_40.000.wav	30.000	40.000	Screaming
E3XIdP8kxwg_110.000_120.000.wav	110.000	120.000	Skateboard
iSnWMz4FUAg_30.000_40.000.wav	30.000	40.000	Car
i9VjpIbM3iE_410.000_420.000.wav	410.000	420.000
HrQxbNO5jXU_6.000_16.000.wav	6.000	16.000
Ag_zT74ZGNc_9.000_19.000.wav	9.000	19.000	Car
CU2MyVM_B48_30.000_40.000.wav	30.000	40.000	Civil defense siren
OEN0TySl1Jw_10.000_20.000.wav	10.000	20.000
BmS2NiuT2c0_160.000_170.000.wav	160.000	170.000	Car
BmS2NiuT2c0_160.000_170.000.wav	160.000	170.000	Train
aBHdl_TiseI_30.000_40.000.wav	30.000	40.000	Car
tcKlq7_cOkw_8.000_18.000.wav	8.000	18.000	Fire engine, fire truck (siren)
-2sE5CH8Wb8_30.000_40.000.wav	30.000	40.000	Car
84flVacRHUI_21.000_31.000.wav	21.000	31.000
BsvD806qNM8_10.000_20.000.wav	10.000	20.000	Car
cB1jkzgH2es_150.000_160.000.wav	150.000	160.000	Car
kNKfoDp0uUw_30.000_40.000.wav	30.000	40.000	Car
WDn851XbWTk_30.000_40.000.wav	30.000	40.000	Car
WDn851XbWTk_30.000_40.000.wav	30.000	40.000	Truck
a2U10_mi5as_30.000_40.000.wav	30.000	40.000	Car
fWVfi9pAh_4_10.000_20.000.wav	10.000	20.000	Car
AshwkKUV07s_23.000_33.000.wav	23.000	33.000	Car
Y-4dtrP-RNo_7.000_17.000.wav	7.000	17.000	Air horn, truck horn
ckSYn557ZyE_20.000_30.000.wav	20.000	30.000	Car
yfSBqp5IZSM_10.000_20.000.wav	10.000	20.000	Car
FcUVtXJMkJs_30.000_40.000.wav	30.000	40.000	Car
rdanJP7Usrg_30.000_40.000.wav	30.000	40.000	Truck
nRMmafPUAEU_80.000_90.000.wav	80.000	90.000	Screaming
LOjT44tFx1A_0.000_10.000.wav	0.000	10.000	Car
4NZkW-XaIa4_30.000_40.000.wav	30.000	40.000	Car
qadmKrM0ppo_20.000_30.000.wav	20.000	30.000	Car
aB6FDPKAPus_30.000_40.000.wav	30.000	40.000	Car
rgeu0Gtf3Es_40.000_50.000.wav	40.000	50.000	Car
lVW2CqsHJ4Y_30.000_40.000.wav	30.000	40.000	Car
we66pU0MN1M_30.000_40.000.wav	30.000	40.000	Car
MCYY8tJsnfY_7.000_17.000.wav	7.000	17.000
T6oYCFRafPs_30.000_40.000.wav	30.000	40.000	Car
5RgHBmX2HLw_30.000_40.000.wav	30.000	40.000
8qMHvgA9mGw_20.000_30.000.wav	20.000	30.000	Fire engine, fire truck (siren)
UZx7OAgRMRY_90.000_100.000.wav	90.000	100.000	Train
CoFbRc1OxFU_9.000_19.000.wav	9.000	19.000	Truck
eHDm93tI4Ok_30.000_40.000.wav	30.000	40.000	Civil defense siren
LLkNFGrrgUo_30.000_40.000.wav	30.000	40.000	Car
CN0Bi4MDpA4_20.000_30.000.wav	20.000	30.000	Car
rhUfN81puDI_0.000_10.000.wav	0.000	10.000	Car
gTFCK9TuLOQ_30.000_40.000.wav	30.000	40.000	Car
C4YMjmJ7tt4_90.000_100.000.wav	90.000	100.000	Car
A5y-aZc0CiM_30.000_40.000.wav	30.000	40.000	Civil defense siren
ARIVxBOc0BQ_40.000_50.000.wav	40.000	50.000	Car
ARIVxBOc0BQ_40.000_50.000.wav	40.000	50.000	Truck
3YJewEC-NWo_30.000_40.000.wav	30.000	40.000	Car
DpagxUQwXDo_30.000_40.000.wav	30.000	40.000	Fire engine, fire truck (siren)
DpagxUQwXDo_30.000_40.000.wav	30.000	40.000	Car
DpagxUQwXDo_30.000_40.000.wav	30.000	40.000	Truck
AvhBRiwWJU4_30.000_40.000.wav	30.000	40.000	Car
rNNPQ9DD4no_30.000_40.000.wav	30.000	40.000	Car
qAQuljp-atA_30.000_40.000.wav	30.000	40.000	Car
wWmydRt0Z-w_21.000_31.000.wav	21.000	31.000	Skateboard
-HWygXWSNRA_30.000_40.000.wav	30.000	40.000	Car
tQd0vFueRKs_30.000_40.000.wav	30.000	40.000	Car
sUp-UXzgmrA_0.000_10.000.wav	0.000	10.000	Screaming
R8G5Y0HASxY_60.000_70.000.wav	60.000	70.000	Car
GteozUDpJRc_30.000_40.000.wav	30.000	40.000	Car
hsC_sT0A4XM_30.000_40.000.wav	30.000	40.000	Car
ZhpkRcAEJzc_3.000_13.000.wav	3.000	13.000	Car
qsHc2X1toLs_30.000_40.000.wav	30.000	40.000	Fire engine, fire truck (siren)
GO2zKyMtBV4_30.000_40.000.wav	30.000	40.000	Civil defense siren
Rq-22Cycrpg_30.000_40.000.wav	30.000	40.000	Civil defense siren
Rq-22Cycrpg_30.000_40.000.wav	30.000	40.000	Train
ALxn5-2bVyI_30.000_40.000.wav	30.000	40.000
g_DBLppDZAs_30.000_40.000.wav	30.000	40.000	Car
2uMXfAIMeN0_180.000_190.000.wav	180.000	190.000	Car
VTwVF3xRSWg_12.000_22.000.wav	12.000	22.000	Car
8rMlNbKlp_s_0.000_10.000.wav	0.000	10.000	Car
er1vQ-nse_g_30.000_40.000.wav	30.000	40.000	Car
G--718JDmAQ_0.000_10.000.wav	0.000	10.000
FYk2paHPSdg_30.000_40.000.wav	30.000	40.000	Car
16vw4K9qJnY_30.000_40.000.wav	30.000	40.000	Car
QrAoRSA13bM_30.000_40.000.wav	30.000	40.000	Car
QrAoRSA13bM_30.000_40.000.wav	30.000	40.000	Truck
haiMRJEH-Aw_0.000_9.000.wav	0.000	9.000	Car
D62L3husEa0_30.000_40.000.wav	30.000	40.000	Car
5QNq0IEPICQ_30.000_40.000.wav	30.000	40.000	Police car (siren)
y4Ko6VNiqB0_30.000_40.000.wav	30.000	40.000
JWCtQ_94YoQ_30.000_40.000.wav	30.000	40.000	Car
reP-OOWiLWU_30.000_40.000.wav	30.000	40.000	Car
3NX4HaOVBoo_240.000_250.000.wav	240.000	250.000	Car
-9GUUhB3QV0_30.000_40.000.wav	30.000	40.000	Car
fztkF47lVQg_0.000_10.000.wav	0.000	10.000	Car
LNQ7fzfdLiY_30.000_40.000.wav	30.000	40.000	Fire engine, fire truck (siren)
Tcq_xAdCMr4_30.000_40.000.wav	30.000	40.000
MczH_PWBNeI_360.000_370.000.wav	360.000	370.000	Train
MDF2vsjm8jU_10.000_20.000.wav	10.000	20.000	Car
bCGtzspNbNo_30.000_40.000.wav	30.000	40.000	Car
32V2zsK7GME_110.000_120.000.wav	110.000	120.000	Car
ikmE_kRvDAc_30.000_40.000.wav	30.000	40.000	Car
ZeH6Fc7Y900_30.000_40.000.wav	30.000	40.000	Fire engine, fire truck (siren)
ZeH6Fc7Y900_30.000_40.000.wav	30.000	40.000	Police car (siren)
tuplsUUDXKw_30.000_40.000.wav	30.000	40.000	Car
gr-Yen6Sj_Q_0.000_10.000.wav	0.000	10.000	Civil defense siren
Cs1d7Ibk8CA_220.000_230.000.wav	220.000	230.000	Car
45JHcLU57B8_20.000_30.000.wav	20.000	30.000	Car
W8fIlauyJkk_30.000_40.000.wav	30.000	40.000	Fire engine, fire truck (siren)
YIJBuXUi64U_30.000_40.000.wav	30.000	40.000
BI2Tol64na0_30.000_40.000.wav	30.000	40.000	Car
AKPC4rEGoyI_30.000_40.000.wav	30.000	40.000	Car
YbiiaDBU-HI_10.000_20.000.wav	10.000	20.000	Police car (siren)
3jXAh3V2FO8_30.000_40.000.wav	30.000	40.000	Car
8sGJFPr2Nmc_30.000_40.000.wav	30.000	40.000	Car
j7OEpDiK3IA_30.000_40.000.wav	30.000	40.000	Car
ANPjV_rudog_30.000_40.000.wav	30.000	40.000	Car
Bs2KqqI9F_k_30.000_40.000.wav	30.000	40.000	Skateboard
O_SKumO328I_30.000_40.000.wav	30.000	40.000	Car
ji_YCMygNHQ_8.000_18.000.wav	8.000	18.000	Car
ji_YCMygNHQ_8.000_18.000.wav	8.000	18.000	Bus
LhRNnXaSsCk_30.000_40.000.wav	30.000	40.000	Car
VcflBZLflSU_130.000_140.000.wav	130.000	140.000	Civil defense siren
XQbeLJYzY9k_90.000_100.000.wav	90.000	100.000	Train
D4_zTwsCRds_60.000_70.000.wav	60.000	70.000	Car
oiLHBkHgkAo_0.000_8.000.wav	0.000	8.000	Bicycle
cs-RPPsg_ks_30.000_40.000.wav	30.000	40.000	Car
27m49pmJ8Og_370.000_380.000.wav	370.000	380.000	Car
06si40RVDco_30.000_40.000.wav	30.000	40.000	Car
6b2ZMMrLTz8_5.000_15.000.wav	5.000	15.000	Car
0bg1nzEVdgY_0.000_10.000.wav	0.000	10.000	Car
26CM8IXODG4_2.000_12.000.wav	2.000	12.000	Car
eAt6si6k65c_30.000_40.000.wav	30.000	40.000	Car
tKdRlWz-1pg_30.000_40.000.wav	30.000	40.000	Bicycle
tKdRlWz-1pg_30.000_40.000.wav	30.000	40.000	Car
YJdBwuIn4Ec_30.000_40.000.wav	30.000	40.000	Car
x6vuWsdeS3s_30.000_40.000.wav	30.000	40.000	Truck
9QwaP-cvdeU_360.000_370.000.wav	360.000	370.000	Skateboard
BhQPDafekdw_30.000_40.000.wav	30.000	40.000	Civil defense siren
XqXLI7bDb-I_0.000_7.000.wav	0.000	7.000	Car
Pef6g19i5iI_30.000_40.000.wav	30.000	40.000	Car
QzrS-S7OerE_370.000_380.000.wav	370.000	380.000	Car
9MWHXCLAX8I_30.000_40.000.wav	30.000	40.000	Civil defense siren
8kbHA22EWd0_330.000_340.000.wav	330.000	340.000	Skateboard
5kQF4r03yRI_0.000_6.000.wav	0.000	6.000	Screaming
JgDuU9kpHpM_30.000_40.000.wav	30.000	40.000	Police car (siren)
JgDuU9kpHpM_30.000_40.000.wav	30.000	40.000	Car
2Fdau5KTEls_30.000_40.000.wav	30.000	40.000	Car
CuS-ok0xG9g_0.000_10.000.wav	0.000	10.000	Car
K-i81KrH8BQ_30.000_40.000.wav	30.000	40.000	Train
WLX3Db60418_20.000_30.000.wav	20.000	30.000	Car
Y5e8BW513ww_20.000_30.000.wav	20.000	30.000	Car
fNcrlqPrAqM_30.000_40.000.wav	30.000	40.000	Car
6VQGk8IrV-4_30.000_40.000.wav	30.000	40.000	Car
9LQEZJPNVpw_30.000_40.000.wav	30.000	40.000	Car
145N68nh4m0_120.000_130.000.wav	120.000	130.000	Police car (siren)
145N68nh4m0_120.000_130.000.wav	120.000	130.000	Car
R0BtkTm_CPI_30.000_40.000.wav	30.000	40.000	Car
KumYcZVLOVU_350.000_360.000.wav	350.000	360.000	Car
4oT0bxldS80_30.000_40.000.wav	30.000	40.000	Train
SkXXjcw9sJI_30.000_40.000.wav	30.000	40.000	Car
YyxlD_FwZXM_30.000_40.000.wav	30.000	40.000	Car
ANWU9Hiy_5k_40.000_50.000.wav	40.000	50.000	Car
dSzZWgbJ378_30.000_40.000.wav	30.000	40.000
C_pnsyNXphA_30.000_40.000.wav	30.000	40.000	Car
wDdEZ46B-tM_460.000_470.000.wav	460.000	470.000
Q1CMSV81_ws_30.000_40.000.wav	30.000	40.000	Car
K7a1P4RX_5w_30.000_40.000.wav	30.000	40.000	Civil defense siren
E0gBwPTHxqE_30.000_40.000.wav	30.000	40.000	Car
G958vjLYBcI_110.000_120.000.wav	110.000	120.000	Train
Iigfz_GeXVs_30.000_40.000.wav	30.000	40.000	Bicycle
RrlgSfQrqQc_20.000_30.000.wav	20.000	30.000	Car
WoynilrteLU_30.000_40.000.wav	30.000	40.000	Car
jwZTKNsbf58_70.000_80.000.wav	70.000	80.000	Car
Oa2Os8eOUjs_30.000_40.000.wav	30.000	40.000	Car
epwDz5WBkvc_80.000_90.000.wav	80.000	90.000	Car
_6Fyave4jqA_260.000_270.000.wav	260.000	270.000	Skateboard
_6Fyave4jqA_260.000_270.000.wav	260.000	270.000	Car
mlS9LLiMIG8_30.000_40.000.wav	30.000	40.000	Police car (siren)
mlS9LLiMIG8_30.000_40.000.wav	30.000	40.000	Car
If-V0XO-mpo_30.000_40.000.wav	30.000	40.000	Car
u9aHjYGbl5o_30.000_40.000.wav	30.000	40.000	Police car (siren)
SyWbolNFst4_60.000_70.000.wav	60.000	70.000	Civil defense siren
xfNeZaw4o3U_17.000_27.000.wav	17.000	27.000	Car
xfNeZaw4o3U_17.000_27.000.wav	17.000	27.000	Motorcycle
DdZw0XDv0JI_30.000_40.000.wav	30.000	40.000	Civil defense siren
3mDPQ_CPopw_30.000_40.000.wav	30.000	40.000	Car
UdHR1P_NIbo_110.000_120.000.wav	110.000	120.000	Civil defense siren
cR79KnWpiQA_70.000_80.000.wav	70.000	80.000	Police car (siren)
a9B_HA3y8WQ_30.000_40.000.wav	30.000	40.000	Car
Z54pSnNw2iM_30.000_40.000.wav	30.000	40.000	Car
ISBJKY8hwnM_30.000_40.000.wav	30.000	40.000	Car
764IcMEMVUk_90.000_100.000.wav	90.000	100.000	Car
Xnd8ERrynEo_120.000_130.000.wav	120.000	130.000	Car
XKvLkIM8dck_40.000_50.000.wav	40.000	50.000	Car
wu3-_VKULZU_30.000_40.000.wav	30.000	40.000	Car
pNMBIqvbyB4_30.000_40.000.wav	30.000	40.000	Car
kdDgTDfo9HY_100.000_110.000.wav	100.000	110.000	Car
Owg_XU9XmRM_30.000_40.000.wav	30.000	40.000	Car
cW859JAzVZ0_30.000_40.000.wav	30.000	40.000	Car
aOoZ0bCoaZw_30.000_40.000.wav	30.000	40.000
Ck5ZjBf1nLM_30.000_40.000.wav	30.000	40.000	Car
DgWHUawAGnI_30.000_40.000.wav	30.000	40.000	Civil defense siren
ycqDMKTrvLY_30.000_40.000.wav	30.000	40.000	Car
L9YtOeck3A0_0.000_10.000.wav	0.000	10.000	Car
DEs_Sp9S1Nw_30.000_40.000.wav	30.000	40.000	Car
lKQ-I_P7TEM_20.000_30.000.wav	20.000	30.000	Car
wDKrcZ7xLY8_80.000_90.000.wav	80.000	90.000	Car
YFD1Qrlskrg_60.000_70.000.wav	60.000	70.000	Train
Sm0pPvXPA9U_30.000_40.000.wav	30.000	40.000	Fire engine, fire truck (siren)
Sm0pPvXPA9U_30.000_40.000.wav	30.000	40.000	Police car (siren)
3mor5mPSYoU_7.000_17.000.wav	7.000	17.000	Car
cdrjKqyDrak_420.000_430.000.wav	420.000	430.000	Car
FjpOboRcrNc_10.000_20.000.wav	10.000	20.000	Car
-0RWZT-miFs_420.000_430.000.wav	420.000	430.000	Car
lhedRVb85Fk_30.000_40.000.wav	30.000	40.000	Car
t_lFhyZaZR0_150.000_160.000.wav	150.000	160.000	Skateboard
t_lFhyZaZR0_150.000_160.000.wav	150.000	160.000	Train
BDnwA3AaclE_10.000_20.000.wav	10.000	20.000	Car
auC_LgwFF8g_30.000_40.000.wav	30.000	40.000	Car
qL0ESQcaPhM_30.000_40.000.wav	30.000	40.000	Car
-1pRmoJIGQc_11.000_21.000.wav	11.000	21.000	Car
-1pRmoJIGQc_11.000_21.000.wav	11.000	21.000	Truck
R8XUrRCFkzs_30.000_40.000.wav	30.000	40.000	Civil defense siren
1F9zCsJyw6k_430.000_440.000.wav	430.000	440.000	Car
adCuLs-4nmI_30.000_40.000.wav	30.000	40.000	Civil defense siren
FoIBRxw0tyE_30.000_40.000.wav	30.000	40.000	Car
ZauRsP1uH74_12.000_22.000.wav	12.000	22.000
FQZnQhiM41U_0.000_6.000.wav	0.000	6.000	Skateboard
QAWuHvVCI6g_30.000_40.000.wav	30.000	40.000	Car
NqzZbJJl3E4_30.000_40.000.wav	30.000	40.000	Car
NqzZbJJl3E4_30.000_40.000.wav	30.000	40.000	Truck
uvuVg9Cl0n0_30.000_40.000.wav	30.000	40.000	Car
nDtrUUc2J2U_0.000_10.000.wav	0.000	10.000	Motorcycle
Dk6b9dVD0i8_6.000_16.000.wav	6.000	16.000	Car
2WTk_j_fivY_30.000_40.000.wav	30.000	40.000	Car
9ye2Fn62xDc_60.000_70.000.wav	60.000	70.000	Car
IblhEF_MiH8_400.000_410.000.wav	400.000	410.000	Car
g2scd3YVgwQ_30.000_40.000.wav	30.000	40.000	Train
nfY_zkJceDw_30.000_40.000.wav	30.000	40.000	Car
4XMY2IvVSf0_30.000_40.000.wav	30.000	40.000	Car
VAiH1LX8guk_17.000_27.000.wav	17.000	27.000	Car
01WuUBxFBp4_30.000_40.000.wav	30.000	40.000	Car
yk5LqHTtHLo_30.000_40.000.wav	30.000	40.000	Car
b7m5Kt5U7Vc_30.000_40.000.wav	30.000	40.000	Car
7nglQSmcjAk_30.000_40.000.wav	30.000	40.000	Car
1Mk2MJDhLJQ_20.000_30.000.wav	20.000	30.000	Train
NwTHlpXdk4M_30.000_40.000.wav	30.000	40.000	Car
7T04388Ijk8_30.000_40.000.wav	30.000	40.000	Truck
Nkqx09b-xyI_70.000_80.000.wav	70.000	80.000	Car
XeYiNanFS_M_120.000_130.000.wav	120.000	130.000
9NPKQDaNCRk_0.000_6.000.wav	0.000	6.000
84fDGWoRtsU_210.000_220.000.wav	210.000	220.000	Skateboard
53oq_Otm_XI_30.000_40.000.wav	30.000	40.000	Car
YCk9F0Uq3BE_70.000_80.000.wav	70.000	80.000	Car
11Pn3yJifSQ_4.000_14.000.wav	4.000	14.000	Car
iM-U56fTTOQ_30.000_40.000.wav	30.000	40.000	Fire engine, fire truck (siren)
iM-U56fTTOQ_30.000_40.000.wav	30.000	40.000	Truck
1hIg-Lsvc7Q_30.000_40.000.wav	30.000	40.000	Car
WLXQgcx8qTI_30.000_40.000.wav	30.000	40.000	Car
9CRb-PToaAM_30.000_40.000.wav	30.000	40.000	Police car (siren)
bpdCMWWiB_0_30.000_40.000.wav	30.000	40.000	Car
H7lOMlND9dc_30.000_40.000.wav	30.000	40.000	Fire engine, fire truck (siren)
H7lOMlND9dc_30.000_40.000.wav	30.000	40.000	Car
YTFJUFWcRns_30.000_40.000.wav	30.000	40.000	Car
wM9wNgY8d4g_150.000_160.000.wav	150.000	160.000	Train
GkpUU3VX4wQ_30.000_40.000.wav	30.000	40.000	Car
6R8cO4ARzkY_30.000_40.000.wav	30.000	40.000	Car
nFqf1vflJaI_350.000_360.000.wav	350.000	360.000	Car
Hu8lxbHYaqg_40.000_50.000.wav	40.000	50.000
mCJ0aqIygWE_24.000_34.000.wav	24.000	34.000	Car
fLvM4bbpg6w_0.000_10.000.wav	0.000	10.000	Car
2fi0m8ei_B4_30.000_40.000.wav	30.000	40.000	Car
WxrKq0aI0iM_130.000_140.000.wav	130.000	140.000	Car
4WRgvRI06zc_30.000_40.000.wav	30.000	40.000	Car
dfsvT5xImNg_80.000_90.000.wav	80.000	90.000	Screaming
dfsvT5xImNg_80.000_90.000.wav	80.000	90.000	Car
B6n0op0sLPA_30.000_40.000.wav	30.000	40.000	Car
IpyingiCwV8_0.000_3.000.wav	0.000	3.000	Air horn, truck horn
k0vRZm7ZnQk_280.000_290.000.wav	280.000	290.000	Train
j42ETHcp044_0.000_10.000.wav	0.000	10.000	Car
lGf_L6i6AZI_20.000_30.000.wav	20.000	30.000	Car
1E1evA4T_Tk_30.000_40.000.wav	30.000	40.000	Car
1E1evA4T_Tk_30.000_40.000.wav	30.000	40.000	Bus
6xEHP-C-ZuU_30.000_40.000.wav	30.000	40.000	Car
XW8pSKLyr0o_20.000_30.000.wav	20.000	30.000	Train horn
XW8pSKLyr0o_20.000_30.000.wav	20.000	30.000	Train
L4N0LOYZrFo_30.000_40.000.wav	30.000	40.000	Car
CL5vkiMs2c0_10.000_20.000.wav	10.000	20.000	Car
CL5vkiMs2c0_10.000_20.000.wav	10.000	20.000	Truck
YV0noe1sZAs_150.000_160.000.wav	150.000	160.000	Car
K4Hcb00hTTY_30.000_40.000.wav	30.000	40.000	Car
xMClk12ouB8_30.000_40.000.wav	30.000	40.000	Bus
mCmjh_EJtb4_30.000_40.000.wav	30.000	40.000	Car
mCmjh_EJtb4_30.000_40.000.wav	30.000	40.000	Truck
aXsUHAKbyLs_30.000_40.000.wav	30.000	40.000	Train
0SvSNVatkv0_30.000_40.000.wav	30.000	40.000
HFF_PpqLQ9w_30.000_40.000.wav	30.000	40.000	Car
bI6wPI9kAm8_70.000_80.000.wav	70.000	80.000	Car
YDGf-razgyU_250.000_260.000.wav	250.000	260.000	Car
TyTORMEourg_270.000_280.000.wav	270.000	280.000	Car
Cc7-P0py1Mc_30.000_40.000.wav	30.000	40.000	Fire engine, fire truck (siren)
Cc7-P0py1Mc_30.000_40.000.wav	30.000	40.000	Truck
-UBVqmhbT50_30.000_40.000.wav	30.000	40.000	Civil defense siren
1_hGvbEiYAs_30.000_40.000.wav	30.000	40.000	Motorcycle
TYLZuBBu8ms_0.000_10.000.wav	0.000	10.000	Fire engine, fire truck (siren)
TYLZuBBu8ms_0.000_10.000.wav	0.000	10.000	Civil defense siren
zd67ihUZ1u4_25.000_35.000.wav	25.000	35.000	Car
2Jpg_KvJWL0_30.000_40.000.wav	30.000	40.000	Truck
etppP5Sdo14_30.000_40.000.wav	30.000	40.000	Civil defense siren
Ssa1m5Mnllw_0.000_9.000.wav	0.000	9.000	Car
I7esm6vqqZ4_30.000_40.000.wav	30.000	40.000	Car
T8M6W4yOzI4_30.000_40.000.wav	30.000	40.000	Car
gE-0JxMtUh0_20.000_30.000.wav	20.000	30.000
An-4jPvUT14_60.000_70.000.wav	60.000	70.000	Skateboard
4Ukj2TTJxHM_30.000_40.000.wav	30.000	40.000	Civil defense siren
UFIBEBkm7ao_30.000_40.000.wav	30.000	40.000	Car
mbLiZ_jpgeY_20.000_30.000.wav	20.000	30.000	Motorcycle
Yc_WuISxfLI_30.000_40.000.wav	30.000	40.000	Car
LEtkHiZZugk_30.000_40.000.wav	30.000	40.000	Car
5oirFKi6Sfo_190.000_200.000.wav	190.000	200.000	Car
jOlVJv7jAHg_30.000_40.000.wav	30.000	40.000	Car
81DteAPIhoE_30.000_40.000.wav	30.000	40.000	Truck
zM3chsL-B7U_30.000_40.000.wav	30.000	40.000	Car
zM3chsL-B7U_30.000_40.000.wav	30.000	40.000	Truck
_ZiJA6phEq8_30.000_40.000.wav	30.000	40.000	Car
B3SkK0wuOhY_130.000_140.000.wav	130.000	140.000	Car
Isuh9pOuH6I_300.000_310.000.wav	300.000	310.000	Car
OHjfSfqa804_0.000_10.000.wav	0.000	10.000	Screaming
OHjfSfqa804_0.000_10.000.wav	0.000	10.000	Car
MUBbiivNYZs_30.000_40.000.wav	30.000	40.000	Skateboard
I4VDcVTE4YA_30.000_40.000.wav	30.000	40.000	Truck
ZxlbI2Rj1VY_30.000_40.000.wav	30.000	40.000	Police car (siren)
0K1mroXg8bs_9.000_19.000.wav	9.000	19.000	Police car (siren)
MwSbYICrYj8_290.000_300.000.wav	290.000	300.000	Car
0O-gZoirpRA_30.000_40.000.wav	30.000	40.000	Car
3_OLj6XChvM_30.000_40.000.wav	30.000	40.000	Car
Wg4ik5zZxBc_250.000_260.000.wav	250.000	260.000	Car
po-tnKZAzdg_40.000_50.000.wav	40.000	50.000	Car
po-tnKZAzdg_40.000_50.000.wav	40.000	50.000	Motorcycle
bIU0X1v4SF0_30.000_40.000.wav	30.000	40.000	Fire engine, fire truck (siren)
Mbe4rlNiM84_0.000_7.000.wav	0.000	7.000
EWbZq5ruCpg_0.000_10.000.wav	0.000	10.000
suuYwAifIAQ_30.000_40.000.wav	30.000	40.000	Car
7gkjn-LLInI_30.000_40.000.wav	30.000	40.000	Car
y_lfY0uzmr0_30.000_40.000.wav	30.000	40.000	Skateboard
dhaKGPCgtfw_30.000_40.000.wav	30.000	40.000	Car
dhaKGPCgtfw_30.000_40.000.wav	30.000	40.000	Motorcycle
eyFPHlybqDg_30.000_40.000.wav	30.000	40.000	Car
9l9QXgsJSfo_120.000_130.000.wav	120.000	130.000	Car
2HZcxlRs-hg_30.000_40.000.wav	30.000	40.000	Car
2HZcxlRs-hg_30.000_40.000.wav	30.000	40.000	Truck
cHm1cYBAXMI_30.000_40.000.wav	30.000	40.000	Car
4TshFWSsrn8_290.000_300.000.wav	290.000	300.000	Car
8Aq2DyLbUBA_30.000_40.000.wav	30.000	40.000	Fire engine, fire truck (siren)
8Aq2DyLbUBA_30.000_40.000.wav	30.000	40.000	Truck
lmTHvLGQy3g_50.000_60.000.wav	50.000	60.000	Skateboard
fRKxUc1gQBw_50.000_60.000.wav	50.000	60.000	Civil defense siren
-JMT0mK0Dbg_30.000_40.000.wav	30.000	40.000	Car
TBjrN1aMRrM_30.000_40.000.wav	30.000	40.000	Car
MFxsgcZZtFs_10.000_20.000.wav	10.000	20.000	Air horn, truck horn
xXGIKM4daMU_30.000_40.000.wav	30.000	40.000	Car
xXGIKM4daMU_30.000_40.000.wav	30.000	40.000	Motorcycle
JqHJ7015aWM_30.000_40.000.wav	30.000	40.000	Civil defense siren
-7eDqv-6AKQ_30.000_40.000.wav	30.000	40.000	Car
FCxEMSNSEuI_160.000_170.000.wav	160.000	170.000	Car
QBMDnMRwQCc_70.000_80.000.wav	70.000	80.000	Car
w0vy1YvNcOg_30.000_40.000.wav	30.000	40.000	Car
I-HlrcP6Qg4_30.000_40.000.wav	30.000	40.000	Car
m1e9aOwRiDQ_0.000_9.000.wav	0.000	9.000	Car
4t1VqRz4w2g_30.000_40.000.wav	30.000	40.000	Fire engine, fire truck (siren)
4t1VqRz4w2g_30.000_40.000.wav	30.000	40.000	Car
s5s3aR8Z7I8_350.000_360.000.wav	350.000	360.000	Car
oPJVdi0cqNE_30.000_40.000.wav	30.000	40.000	Car
PSt0xAYgf4g_0.000_10.000.wav	0.000	10.000	Car
PSt0xAYgf4g_0.000_10.000.wav	0.000	10.000	Truck
IiCh2H3JtsE_30.000_40.000.wav	30.000	40.000	Fire engine, fire truck (siren)
IiCh2H3JtsE_30.000_40.000.wav	30.000	40.000	Police car (siren)
jko48cNdvFA_80.000_90.000.wav	80.000	90.000	Car
xeHt-R5ScmI_0.000_10.000.wav	0.000	10.000	Car
f__6chtFRM0_30.000_40.000.wav	30.000	40.000	Car
lGFDQ-ZwUfk_30.000_40.000.wav	30.000	40.000	Bicycle
lGFDQ-ZwUfk_30.000_40.000.wav	30.000	40.000	Car
noymXcxyxis_30.000_40.000.wav	30.000	40.000	Car
xTPmoYwgKf4_30.000_40.000.wav	30.000	40.000	Motorcycle
W11cJ9HZNaY_30.000_40.000.wav	30.000	40.000	Car
o98R4ruf8kw_30.000_40.000.wav	30.000	40.000	Car
QNKo1W1WRbc_22.000_32.000.wav	22.000	32.000	Car
yH1r2Bblluw_240.000_250.000.wav	240.000	250.000	Car
-_dElQcyJnA_30.000_40.000.wav	30.000	40.000	Fire engine, fire truck (siren)
9EsgN-WS2qY_30.000_40.000.wav	30.000	40.000	Car
8ILgvaJVPCI_30.000_40.000.wav	30.000	40.000	Civil defense siren
MEUcv-QM0cQ_30.000_40.000.wav	30.000	40.000	Fire engine, fire truck (siren)
MEUcv-QM0cQ_30.000_40.000.wav	30.000	40.000	Police car (siren)
a5vTn5286-A_80.000_90.000.wav	80.000	90.000	Car
JLj11umr1CE_0.000_10.000.wav	0.000	10.000
4aJfQpHt9lY_160.000_170.000.wav	160.000	170.000	Car
xqH9TpH6Xy0_0.000_10.000.wav	0.000	10.000	Car
84E9i9_ELBs_30.000_40.000.wav	30.000	40.000	Car
UB-A1oyNyyg_0.000_6.000.wav	0.000	6.000	Car
jZxusrD28rM_30.000_40.000.wav	30.000	40.000	Car
10aF24rMeu0_30.000_40.000.wav	30.000	40.000	Car
IxlvxvG8zOE_110.000_120.000.wav	110.000	120.000	Car
5fjy_2ajEkg_30.000_40.000.wav	30.000	40.000	Fire engine, fire truck (siren)
5fjy_2ajEkg_30.000_40.000.wav	30.000	40.000	Truck
0N9EN0BEjP0_430.000_440.000.wav	430.000	440.000	Car
0N9EN0BEjP0_430.000_440.000.wav	430.000	440.000	Bus
